"","scientific_name","midpoint_cc","releveSite","releveyear"
"1","Acalypha rhomboidea",3,"MRPRCPL2",2022
"2","Acer ginnala",0.5,"LHHL1",2022
"3","Acer ginnala",0.5,"LHHL2",2022
"4","Acer ginnala",3,"LHPP1",2022
"5","Acer ginnala",0.5,"LHPP2",2022
"6","Acer ginnala",3,"LHSP1.1",2022
"7","Acer ginnala",0.5,"WWIMR",2022
"8","Acer ginnala",0.5,"WWRP4",2022
"9","Acer ginnala",0.5,"WWRP5",2022
"10","Acer negundo",3,"LBRP1",2022
"11","Acer negundo",0.5,"LBRP7",2022
"12","Acer negundo",37.5,"LHDL1",2022
"13","Acer negundo",37.5,"LHHL2",2022
"14","Acer negundo",15,"LHHL3",2022
"15","Acer negundo",15,"LHHL4",2022
"16","Acer negundo",0.5,"LHHL5",2022
"17","Acer negundo",0.5,"LHSP1.1",2022
"18","Acer negundo",0.5,"MRPRHT",2022
"19","Acer negundo",3,"SCPCA2",2022
"20","Acer negundo",37.5,"SCPCA3",2022
"21","Acer negundo",3,"SLBR.E",2022
"22","Acer negundo",3,"WWRP2",2022
"23","Acer negundo",0.5,"WWRP4",2022
"24","Acer negundo",15,"WWRP5",2022
"25","Acer negundo",15,"WWRPWL",2022
"26","Acer rubrum",0.5,"LHHL1",2022
"27","Acer saccharinum",0.5,"LHHL5",2022
"28","Achillea millefolium",3,"LBRP8",2022
"29","Achillea millefolium",3,"LHDL6",2022
"30","Achillea millefolium",3,"LHPP1",2022
"31","Achillea millefolium",3,"LHPP2",2022
"32","Achillea millefolium",3,"LHRPPR1",2022
"33","Achillea millefolium",3,"MRPRHT",2022
"34","Achillea millefolium",3,"SLBR.W",2022
"35","Achillea millefolium",3,"WWBW",2022
"36","Achillea millefolium",3,"WWIMR",2022
"37","Achillea millefolium",3,"WWRP2",2022
"38","Achillea millefolium",3,"WWRP3",2022
"39","Actaea rubra",3,"LBRP7",2022
"40","Actaea rubra",3,"LHDL1",2022
"41","Actaea rubra",3,"LHDL6",2022
"42","Actaea rubra",0.5,"LHHL1",2022
"43","Actaea rubra",3,"LHHL2",2022
"44","Actaea rubra",3,"LHHL4",2022
"45","Actaea rubra",0.5,"LHSP1.1",2022
"46","Actaea rubra",0.5,"MRPRCPL2",2022
"47","Actaea rubra",0.5,"WWRPWL",2022
"48","Agalinis tenuifolia",0.5,"WWRP1",2022
"49","Agastache foeniculum",15,"WWRP2",2022
"50","Agastache foeniculum",0.5,"WWRP3",2022
"51","Ageratina altissima",3,"LBRP7",2022
"52","Ageratina altissima",3,"LHDL1",2022
"53","Ageratina altissima",3,"LHDL2.2Sep",2022
"54","Ageratina altissima",3,"LHDL6",2022
"55","Ageratina altissima",3,"LHHL1",2022
"56","Ageratina altissima",3,"LHHL2",2022
"57","Ageratina altissima",0.5,"LHPP2",2022
"58","Ageratina altissima",3,"LHSP1.1",2022
"59","Ageratina altissima",0.5,"LHWR",2022
"60","Ageratina altissima",15,"MRPRCPL2",2022
"61","Ageratina altissima",0.5,"MRPRHT",2022
"62","Ageratina altissima",3,"SLBR",2022
"63","Ageratina altissima",3,"SLBR.W",2022
"64","Ageratina altissima",3,"WWRP5",2022
"65","Agrimonia pubescens",3,"LHDL1",2022
"66","Agrimonia sp.",3,"SLBR",2022
"67","Agrimonia striata",3,"LHSP1.1",2022
"68","Agrimonia striata",0.5,"MRPRCPL2",2022
"69","Agrimonia striata",0.5,"WWIMR",2022
"70","Agrostis gigantea",3,"MRPRCPL19.1",2022
"71","Agrostis gigantea",3,"MRPRHT",2022
"72","Agrostis gigantea",3,"WWBW",2022
"73","Alliaria petiolata",3,"LBRP7",2022
"74","Alliaria petiolata",3,"LHDL1",2022
"75","Alliaria petiolata",3,"LHHL2",2022
"76","Alliaria petiolata",15,"SCPCA3",2022
"77","Alnus incana",62.5,"LHTS1",2022
"78","Ambrosia artemisiifolia",15,"LBRP8",2022
"79","Ambrosia artemisiifolia",3,"LHPP1",2022
"80","Ambrosia artemisiifolia",3,"LHPP2",2022
"81","Ambrosia artemisiifolia",3,"LHRPPR1",2022
"82","Ambrosia artemisiifolia",3,"MRPRHT",2022
"83","Ambrosia artemisiifolia",3,"SLBR.E",2022
"84","Ambrosia artemisiifolia",15,"WWIMR",2022
"85","Ambrosia artemisiifolia",3,"WWRP2",2022
"86","Ambrosia artemisiifolia",3,"WWRP4",2022
"87","Ambrosia psilostachya",3,"SLBR",2022
"88","Ambrosia trifida",3,"SCPCA3",2022
"89","Amorpha canescens",3,"MRPR1",2022
"90","Amorpha canescens",3,"MRPRCPL19.1",2022
"91","Amorpha canescens",15,"WWIMR",2022
"92","Amorpha canescens",3,"WWRP4",2022
"93","Amphicarpaea bracteata",15,"LHDL1",2022
"94","Amphicarpaea bracteata",3,"LHDL2.2Sep",2022
"95","Amphicarpaea bracteata",3,"LHDL6",2022
"96","Amphicarpaea bracteata",3,"LHHL1",2022
"97","Amphicarpaea bracteata",15,"LHHL2",2022
"98","Amphicarpaea bracteata",3,"LHHL3",2022
"99","Amphicarpaea bracteata",3,"LHHL4",2022
"100","Amphicarpaea bracteata",3,"LHHL5",2022
"101","Amphicarpaea bracteata",15,"LHSP1.1",2022
"102","Amphicarpaea bracteata",3,"WWRP1",2022
"103","Amphicarpaea bracteata",3,"WWRP3",2022
"104","Amphicarpaea bracteata",3,"WWRP5",2022
"105","Amphicarpaea bracteata",3,"WWRPWL",2022
"106","Andropogon gerardii",37.5,"LBRP1",2022
"107","Andropogon gerardii",62.5,"LBRP8",2022
"108","Andropogon gerardii",37.5,"LHRPPR1",2022
"109","Andropogon gerardii",15,"LHWR",2022
"110","Andropogon gerardii",15,"MRPR1",2022
"111","Andropogon gerardii",3,"MRPRCPL19.1",2022
"112","Andropogon gerardii",37.5,"SLBR.E",2022
"113","Andropogon gerardii",3,"SLBR.W",2022
"114","Andropogon gerardii",3,"WWRP3",2022
"115","Andropogon gerardii",0.5,"WWRPPR2",2022
"116","Anemone canadensis",3,"LHHL4",2022
"117","Anemone cylindrica",3,"LBRP8",2022
"118","Anemone cylindrica",3,"MRPRCPL19.1",2022
"119","Anemone cylindrica",3,"WWRPPR2",2022
"120","Anemone patens",0.5,"WWRP4",2022
"121","Anemone quinquefolia",3,"LHHL1",2022
"122","Anemone quinquefolia",3,"LHHL3",2022
"123","Anemone quinquefolia",3,"LHHL4",2022
"124","Anemone quinquefolia",3,"LHHL5",2022
"125","Anemone virginiana",3,"LHDL6",2022
"126","Anemone virginiana",3,"WWRP2",2022
"127","Anemone virginiana",3,"WWRP3",2022
"128","Antennaria sp.",3,"LHPP1",2022
"129","Antennaria sp.",3,"MRPR1",2022
"130","Antennaria sp.",3,"MRPRCPL19.1",2022
"131","Apocynum androsaemifolium",3,"LHDL2.2Sep",2022
"132","Apocynum cannabinum",3,"LHDL6",2022
"133","Apocynum cannabinum",3,"WWIMR",2022
"134","Apocynum cannabinum",3,"WWRP1",2022
"135","Apocynum cannabinum",3,"WWRP2",2022
"136","Apocynum cannabinum",3,"WWRPPR2",2022
"137","Aquilegia canadensis",3,"LHDL2.2Sep",2022
"138","Aquilegia canadensis",3,"MRPRCPL19.1",2022
"139","Aquilegia canadensis",3,"WWIMR",2022
"140","Arctium minus",3,"LBRP1",2022
"141","Arctium minus",0.5,"LBRP7",2022
"142","Arctium minus",0.5,"LHHL2",2022
"143","Arctium minus",0.5,"LHHL4",2022
"144","Arctium minus",3,"SCPCA3",2022
"145","Arctium minus",3,"WWRP5",2022
"146","Arctium minus",3,"WWRPWL",2022
"147","Arisaema triphyllum",3,"LHDL1",2022
"148","Arisaema triphyllum",3,"LHDL2.2Sep",2022
"149","Arisaema triphyllum",3,"LHDL6",2022
"150","Arisaema triphyllum",3,"LHHL1",2022
"151","Arisaema triphyllum",3,"LHHL2",2022
"152","Arisaema triphyllum",3,"LHHL3",2022
"153","Arisaema triphyllum",3,"LHHL4",2022
"154","Arisaema triphyllum",3,"LHHL5",2022
"155","Arisaema triphyllum",3,"LHTS1",2022
"156","Arisaema triphyllum",0.5,"WWRP5",2022
"157","Artemisia campestris",37.5,"WWRP4",2022
"158","Artemisia dracunculus",15,"WWRP2",2022
"159","Artemisia ludoviciana",3,"MRPRHT",2022
"160","Artemisia ludoviciana",15,"SLBR.E",2022
"161","Artemisia ludoviciana",3,"WWIMR",2022
"162","Artemisia ludoviciana",3,"WWRP2",2022
"163","Artemisia ludoviciana",3,"WWRP3",2022
"164","Artemisia ludoviciana",3,"WWRPPR2",2022
"165","Asclepias exaltata",3,"LHDL2.2Sep",2022
"166","Asclepias incarnata",3,"LHHL1",2022
"167","Asclepias incarnata",3,"LHTS1",2022
"168","Asclepias incarnata",3,"SCPCA2",2022
"169","Asclepias incarnata",3,"WWBW",2022
"170","Asclepias incarnata",3,"WWRP1",2022
"171","Asclepias syriaca",3,"LBRP1",2022
"172","Asclepias syriaca",3,"LHPP1",2022
"173","Asclepias syriaca",0.5,"LHPP2",2022
"174","Asclepias syriaca",3,"LHWR",2022
"175","Asclepias syriaca",3,"MRPRHT",2022
"176","Asclepias syriaca",3,"SLBR.E",2022
"177","Asclepias syriaca",0.5,"SLBR.W",2022
"178","Asclepias syriaca",3,"WWRP1",2022
"179","Asclepias syriaca",3,"WWRP3",2022
"180","Asclepias syriaca",0.5,"WWRP5",2022
"181","Asclepias tuberosa",0.5,"MRPRHT",2022
"182","Asclepias tuberosa",0.5,"SLBR.E",2022
"183","Asclepias tuberosa",3,"SLBR.W",2022
"184","Asclepias tuberosa",3,"WWIMR",2022
"185","Asclepias tuberosa",3,"WWRPPR2",2022
"186","Asclepias verticillata",3,"LBRP8",2022
"187","Asclepias verticillata",3,"LHPP1",2022
"188","Asclepias verticillata",3,"MRPR1",2022
"189","Asclepias verticillata",3,"MRPRCPL19.1",2022
"190","Asclepias verticillata",15,"WWRP4",2022
"191","Asclepias verticillata",3,"WWRPPR2",2022
"192","Asclepias viridiflora",0.5,"MRPR1",2022
"193","Asparagus officinalis",0.5,"MRPRCPL19.1",2022
"194","Astragalus canadensis",3,"WWRP3",2022
"195","Athyrium filix-femina",0.5,"LBRP7",2022
"196","Athyrium filix-femina",15,"LHDL1",2022
"197","Athyrium filix-femina",3,"LHDL6",2022
"198","Athyrium filix-femina",15,"LHHL1",2022
"199","Athyrium filix-femina",3,"LHHL2",2022
"200","Athyrium filix-femina",15,"LHHL3",2022
"201","Athyrium filix-femina",15,"LHHL4",2022
"202","Athyrium filix-femina",3,"LHHL5",2022
"203","Athyrium filix-femina",3,"LHSP1.1",2022
"204","Athyrium filix-femina",3,"WWRPWL",2022
"205","Avena sativa",15,"MRPRCPL2",2022
"206","Baptisia lactea",0.5,"LBRP1",2022
"207","Berteroa incana",3,"LBRP8",2022
"208","Berteroa incana",0.5,"LHPP1",2022
"209","Berteroa incana",3,"MRPRHT",2022
"210","Berteroa incana",3,"SLBR",2022
"211","Berteroa incana",3,"SLBR.W",2022
"212","Berteroa incana",3,"WWIMR",2022
"213","Berteroa incana",3,"WWRP2",2022
"214","Betula papyrifera",15,"LHDL1",2022
"215","Betula papyrifera",15,"LHHL3",2022
"216","Betula papyrifera",0.5,"LHHL5",2022
"217","Betula papyrifera",15,"LHSP1.1",2022
"218","Betula papyrifera",15,"LHTS1",2022
"219","Bidens sp.",3,"LHTS1",2022
"220","Bidens sp.",3,"SCPCA3",2022
"221","Boehmeria cylindrica",3,"LHDL1",2022
"222","Boehmeria cylindrica",3,"LHTS1",2022
"223","Botrychium dissectum",0.5,"LHPP1",2022
"224","Bouteloua curtipendula",15,"LBRP8",2022
"225","Bouteloua curtipendula",15,"MRPR1",2022
"226","Bouteloua curtipendula",62.5,"MRPRCPL19.1",2022
"227","Bouteloua curtipendula",3,"SLBR",2022
"228","Bouteloua curtipendula",15,"SLBR.E",2022
"229","Bouteloua curtipendula",3,"SLBR.W",2022
"230","Bouteloua curtipendula",3,"WWIMR",2022
"231","Bouteloua curtipendula",3,"WWRP4",2022
"232","Bouteloua curtipendula",3,"WWRPPR2",2022
"233","Bouteloua hirsuta",3,"WWRP4",2022
"234","Bromus ciliatus",15,"WWBW",2022
"235","Bromus ciliatus",0.5,"WWRP1",2022
"236","Bromus inermis",3,"LBRP8",2022
"237","Bromus inermis",15,"LHWR",2022
"238","Bromus inermis",3,"MRPRHT",2022
"239","Bromus inermis",15,"SLBR.W",2022
"240","Bromus inermis",62.5,"WWIMR",2022
"241","Bromus inermis",62.5,"WWRP2",2022
"242","Bromus inermis",15,"WWRP3",2022
"243","Bromus inermis",37.5,"WWRP4",2022
"244","Bromus kalmii",3,"LHDL2.2Sep",2022
"245","Campanula rotundifolia",3,"MRPR1",2022
"246","Campanula rotundifolia",3,"MRPRCPL19.1",2022
"247","Carex bicknellii",3,"WWRP2",2022
"248","Carex blanda",3,"LBRP7",2022
"249","Carex blanda",3,"LHHL2",2022
"250","Carex blanda",3,"MRPRCPL2",2022
"251","Carex brevior",3,"SLBR",2022
"252","Carex cf. blanda",3,"LHDL6",2022
"253","Carex cf. blanda",3,"LHSP1.1",2022
"254","Carex cf. echinodes",3,"LHHL1",2022
"255","Carex cf. muhlenbergii",3,"SLBR",2022
"256","Carex cf. pennsylvanica",15,"LBRP7",2022
"257","Carex cf. pennsylvanica",15,"MRPRCPL2",2022
"258","Carex cf. rosea",3,"LHDL6",2022
"259","Carex cf. rosea",3,"LHSP1.1",2022
"260","Carex cf. rosea",3,"MRPRCPL2",2022
"261","Carex cf. rosea/radiata",3,"LHHL2",2022
"262","Carex cristatella",3,"WWBW",2022
"263","Carex cristatella",3,"WWRP1",2022
"264","Carex gracillima",0.5,"LHHL3",2022
"265","Carex gracillima",3,"LHHL4",2022
"266","Carex granularis",3,"WWBW",2022
"267","Carex pellita",3,"WWBW",2022
"268","Carex pensylvanica",62.5,"LHDL2.2Sep",2022
"269","Carex pensylvanica",3,"LHHL4",2022
"270","Carex pensylvanica",3,"LHHL5",2022
"271","Carex radiata",3,"LHHL1",2022
"272","Carex rosea",37.5,"LBRP7",2022
"273","Carex rosea",3,"LHHL3",2022
"274","Carex sp.",3,"LBRP8",2022
"275","Carex sp.",3,"LHDL1",2022
"276","Carex sp.",0.5,"LHPP1",2022
"277","Carex sp.",3,"LHTS1",2022
"278","Carex sp.",3,"LHWR",2022
"279","Carex sp.",3,"SLBR",2022
"280","Carex sp.",3,"WWRP1",2022
"281","Carex sp.",3,"WWRP3",2022
"282","Carex sp.",3,"WWRP5",2022
"283","Carex sp.",0.5,"WWRPWL",2022
"284","Carex sp. #2 - fine leaves",15,"LHTS1",2022
"285","Carex sp. 2",3,"WWRP1",2022
"286","Carex stipata",3,"WWBW",2022
"287","Carya cordiformis",0.5,"SLBR",2022
"288","Caulophyllum thalictroides",3,"WWRPWL",2022
"289","Celastrus cf. scandens",3,"SLBR",2022
"290","Celastrus cf. scandens",15,"WWRP2",2022
"291","Celtis occidentalis",15,"LBRP7",2022
"292","Celtis occidentalis",3,"LHDL1",2022
"293","Celtis occidentalis",3,"LHHL2",2022
"294","Celtis occidentalis",3,"LHHL3",2022
"295","Celtis occidentalis",3,"LHHL4",2022
"296","Celtis occidentalis",0.5,"LHSP1.1",2022
"297","Celtis occidentalis",0.5,"MRPRCPL2",2022
"298","Celtis occidentalis",0.5,"SLBR",2022
"299","Celtis occidentalis",3,"WWRP5",2022
"300","Celtis occidentalis",15,"WWRPWL",2022
"301","Cerastium fontanum",3,"LHHL1",2022
"302","Cerastium fontanum",3,"LHHL4",2022
"303","Cerastium fontanum",3,"MRPRCPL2",2022
"304","Cf. Angelica atropurpurea",0.5,"LBRP7",2022
"305","Cf. Calamagrostis sp.",3,"LHDL6",2022
"306","Cf. Lobelia sp.",3,"WWBW",2022
"307","Cf. Rosa blanda",0.5,"LHPP1",2022
"308","Chelone glabra",3,"WWBW",2022
"309","Chenopodium album",3,"LBRP7",2022
"310","Chenopodium album",3,"SLBR",2022
"311","Chenopodium album",3,"WWRP2",2022
"312","Circaea lutetiana",3,"LBRP7",2022
"313","Circaea lutetiana",3,"LHDL1",2022
"314","Circaea lutetiana",3,"LHDL2.2Sep",2022
"315","Circaea lutetiana",3,"LHDL6",2022
"316","Circaea lutetiana",3,"LHHL1",2022
"317","Circaea lutetiana",3,"LHHL2",2022
"318","Circaea lutetiana",3,"LHHL3",2022
"319","Circaea lutetiana",3,"LHHL4",2022
"320","Circaea lutetiana",3,"LHHL5",2022
"321","Circaea lutetiana",3,"LHSP1.1",2022
"322","Circaea lutetiana",3,"MRPRCPL2",2022
"323","Circaea lutetiana",3,"SLBR",2022
"324","Circaea lutetiana",3,"WWRPWL",2022
"325","Cirsium arvense",15,"LBRP1",2022
"326","Cirsium arvense",3,"LHDL2.2Sep",2022
"327","Cirsium arvense",3,"LHPP2",2022
"328","Cirsium arvense",3,"LHSP1.1",2022
"329","Cirsium arvense",0.5,"LHWR",2022
"330","Cirsium arvense",15,"SCPCA2",2022
"331","Cirsium arvense",3,"SCPCA3",2022
"332","Cirsium discolor",0.5,"LHDL6",2022
"333","Cirsium discolor",0.5,"LHPP1",2022
"334","Cirsium discolor",3,"LHPP2",2022
"335","Cirsium discolor",3,"LHRPPR1",2022
"336","Cirsium discolor",3,"LHSP1.1",2022
"337","Cirsium discolor",3,"MRPRHT",2022
"338","Cirsium discolor",3,"WWRP1",2022
"339","Cirsium discolor",3,"WWRP5",2022
"340","Clematis virginiana",0.5,"LBRP8",2022
"341","Comandra umbellata",3,"WWRP4",2022
"342","Conyza canadensis",0.5,"LHDL2.2Sep",2022
"343","Conyza canadensis",3,"LHDL6",2022
"344","Conyza canadensis",3,"LHPP1",2022
"345","Conyza canadensis",3,"LHPP2",2022
"346","Conyza canadensis",3,"MRPRHT",2022
"347","Conyza canadensis",3,"SCPCA2",2022
"348","Conyza canadensis",3,"SLBR",2022
"349","Conyza canadensis",3,"WWRP2",2022
"350","Coreopsis palmata",3,"SLBR.W",2022
"351","Coreopsis palmata",3,"WWIMR",2022
"352","Cornus racemosa",3,"LHRPPR1",2022
"353","Cornus racemosa",3,"LHSP1.1",2022
"354","Cornus racemosa",15,"LHWR",2022
"355","Cornus racemosa",15,"SCPCA3",2022
"356","Cornus racemosa",3,"WWRP2",2022
"357","Cornus racemosa",3,"WWRP3",2022
"358","Cornus racemosa",3,"WWRPPR2",2022
"359","Cornus sericea",3,"LHTS1",2022
"360","Cornus sericea",37.5,"WWBW",2022
"361","Corylus americana",3,"LHDL2.2Sep",2022
"362","Corylus americana",15,"LHHL1",2022
"363","Corylus americana",3,"LHHL5",2022
"364","Corylus cornuta",15,"LHHL1",2022
"365","Corylus cornuta",0.5,"LHHL5",2022
"366","Crataegus cf. chrysocarpa",0.5,"WWRP3",2022
"367","Crotalaria sagittalis",15,"LHPP1",2022
"368","Crotalaria sagittalis",3,"LHPP2",2022
"369","Cyperus lupulinus",0.5,"LHPP1",2022
"370","Cyperus lupulinus",3,"LHPP2",2022
"371","Cyperus lupulinus",3,"SLBR",2022
"372","Cystopteris bulbifera",3,"LHDL1",2022
"373","Cystopteris bulbifera",3,"LHTS1",2022
"374","Dalea candida",3,"SLBR.W",2022
"375","Dalea purpurea",3,"MRPR1",2022
"376","Dalea purpurea",3,"MRPRCPL2",2022
"377","Dalea purpurea",3,"SLBR.E",2022
"378","Dalea purpurea",3,"SLBR.W",2022
"379","Dalea purpurea",3,"WWIMR",2022
"380","Dalea purpurea",3,"WWRPPR2",2022
"381","Desmodium canadense",3,"LHPP1",2022
"382","Desmodium canadense",3,"SLBR.W",2022
"383","Desmodium canadense",15,"WWRP1",2022
"384","Desmodium glutinosum",15,"LHDL1",2022
"385","Desmodium glutinosum",15,"LHDL2.2Sep",2022
"386","Desmodium glutinosum",3,"LHDL6",2022
"387","Desmodium glutinosum",3,"LHHL1",2022
"388","Desmodium glutinosum",3,"LHHL2",2022
"389","Desmodium glutinosum",3,"LHHL3",2022
"390","Desmodium glutinosum",0.5,"LHHL4",2022
"391","Desmodium glutinosum",3,"LHHL5",2022
"392","Desmodium glutinosum",3,"LHPP1",2022
"393","Desmodium glutinosum",3,"LHPP2",2022
"394","Desmodium glutinosum",15,"LHSP1.1",2022
"395","Desmodium glutinosum",3,"LHWR",2022
"396","Desmodium glutinosum",0.5,"MRPRCPL2",2022
"397","Desmodium glutinosum",15,"WWRPWL",2022
"398","Dicanthelium cf. acuminatum",3,"MRPR1",2022
"399","Dicanthelium sp.",3,"LHPP1",2022
"400","Dicanthelium sp.",3,"SLBR",2022
"401","Dichanthelium oligosanthes",15,"LHPP2",2022
"402","Dichanthelium oligosanthes",3,"MRPRCPL19.1",2022
"403","Dichanthelium oligosanthes",3,"WWIMR",2022
"404","Dichanthelium oligosanthes",3,"WWRP4",2022
"405","Dichanthelium oligosanthes",3,"WWRPPR2",2022
"406","Dichanthelium sp.",0.5,"LBRP8",2022
"407","Doellingeria umbellata",3,"LHTS1",2022
"408","Drymocallis arguta",3,"WWRP2",2022
"409","Dryopteris carthusiana",3,"LHDL6",2022
"410","Dryopteris carthusiana",3,"LHHL3",2022
"411","Dryopteris carthusiana",3,"LHHL4",2022
"412","Dryopteris carthusiana",3,"MRPRCPL2",2022
"413","Dryopteris carthusiana",3,"WWRP5",2022
"414","Echinacea angustifolia",3,"SLBR.E",2022
"415","Echinocystis lobata",3,"SCPCA2",2022
"416","Echinocystis lobata",3,"SCPCA3",2022
"417","Elaeagnus umbellata",3,"LHWR",2022
"418","Elymus canadensis",3,"LHDL2.2Sep",2022
"419","Elymus canadensis",3,"MRPRHT",2022
"420","Elymus hystrix",3,"LHDL2.2Sep",2022
"421","Elymus hystrix",3,"LHDL6",2022
"422","Elymus hystrix",3,"LHHL5",2022
"423","Elymus repens",3,"LHPP1",2022
"424","Elymus repens",0.5,"MRPRHT",2022
"425","Elymus repens",3,"SLBR.E",2022
"426","Elymus repens",3,"WWBW",2022
"427","Elymus repens",3,"WWIMR",2022
"428","Elymus sp.",3,"LHHL4",2022
"429","Elymus virginicus",3,"LHDL2.2Sep",2022
"430","Elymus virginicus",15,"LHDL6",2022
"431","Elymus virginicus",3,"LHHL2",2022
"432","Elymus virginicus",3,"LHSP1.1",2022
"433","Elymus virginicus",0.5,"SLBR.W",2022
"434","Epilobium cf. coloratum",3,"LHDL1",2022
"435","Epilobium coloratum",0.5,"LHSP1.1",2022
"436","Epilobium coloratum",3,"LHTS1",2022
"437","Epilobium coloratum",0.5,"MRPRCPL2",2022
"438","Epilobium coloratum",0.5,"SCPCA2",2022
"439","Equisetum arvense",37.5,"WWBW",2022
"440","Equisetum arvense",15,"WWRP1",2022
"441","Equisetum fluviatile",3,"WWRP5",2022
"442","Equisetum laevigatum",3,"SLBR",2022
"443","Eragrostis spectabilis",3,"LHPP2",2022
"444","Eragrostis spectabilis",3,"LHRPPR1",2022
"445","Eragrostis spectabilis",3,"SLBR",2022
"446","Eragrostis spectabilis",3,"WWIMR",2022
"447","Eragrostis spectabilis",3,"WWRP4",2022
"448","Erechtites hieraciifolius",3,"LHDL2.2Sep",2022
"449","Erechtites hieraciifolius",3,"LHDL6",2022
"450","Erechtites hieraciifolius",3,"LHHL2",2022
"451","Erigeron annuus",3,"LHDL1",2022
"452","Erigeron annuus",3,"LHDL6",2022
"453","Erigeron sp.",3,"LBRP1",2022
"454","Erigeron sp.",3,"LHHL5",2022
"455","Erigeron strigosus",3,"LHPP1",2022
"456","Erigeron strigosus",3,"LHPP2",2022
"457","Erigeron strigosus",3,"LHRPPR1",2022
"458","Erigeron strigosus",3,"MRPR1",2022
"459","Erigeron strigosus",3,"MRPRCPL19.1",2022
"460","Eriochloa villosa",15,"LHPP1",2022
"461","Eriochloa villosa",87.5,"MRPRHT",2022
"462","Eryngium yuccifolium",0.5,"SLBR.E",2022
"463","Eryngium yuccifolium",0.5,"SLBR.W",2022
"464","Eupatorium perfoliatum",3,"LHTS1",2022
"465","Eupatorium perfoliatum",3,"WWRP1",2022
"466","Euphorbia corollata",0.5,"LHRPPR1",2022
"467","Euphorbia corollata",3,"LHWR",2022
"468","Euphorbia corollata",3,"SLBR.E",2022
"469","Euphorbia corollata",3,"WWIMR",2022
"470","Euphorbia corollata",3,"WWRP3",2022
"471","Euphorbia corollata",3,"WWRP4",2022
"472","Euphorbia corollata",3,"WWRPPR2",2022
"473","Euphorbia dentata",3,"LBRP8",2022
"474","Euphorbia nutans",3,"LBRP8",2022
"475","Euphorbia virgata",15,"LHWR",2022
"476","Eutrochium maculatum",3,"WWBW",2022
"477","Eutrochium maculatum",3,"WWRP1",2022
"478","Exotic Lonicera spp.",37.5,"LBRP7",2022
"479","Exotic Lonicera spp.",0.5,"LBRP8",2022
"480","Exotic Lonicera spp.",3,"LHDL1",2022
"481","Exotic Lonicera spp.",0.5,"LHDL2.2Sep",2022
"482","Exotic Lonicera spp.",3,"LHHL1",2022
"483","Exotic Lonicera spp.",3,"LHHL3",2022
"484","Exotic Lonicera spp.",15,"LHPP2",2022
"485","Exotic Lonicera spp.",3,"LHTS1",2022
"486","Exotic Lonicera spp.",3,"MRPR1",2022
"487","Exotic Lonicera spp.",3,"MRPRCPL19.1",2022
"488","Exotic Lonicera spp.",3,"MRPRCPL2",2022
"489","Exotic Lonicera spp.",3,"MRPRHT",2022
"490","Exotic Lonicera spp.",3,"SCPCA3",2022
"491","Exotic Lonicera spp.",3,"SLBR",2022
"492","Exotic Lonicera spp.",15,"SLBR.W",2022
"493","Exotic Lonicera spp.",3,"WWIMR",2022
"494","Exotic Lonicera spp.",3,"WWRP2",2022
"495","Exotic Lonicera spp.",3,"WWRP4",2022
"496","Exotic Lonicera spp.",37.5,"WWRP5",2022
"497","Fallopia convolvulus",0.5,"LBRP8",2022
"498","Fallopia scandens",0.5,"SLBR",2022
"499","Festuca subverticillata",15,"LHHL1",2022
"500","Festuca subverticillata",3,"LHHL2",2022
"501","Festuca subverticillata",3,"LHHL3",2022
"502","Fragaria vesca",3,"LHDL2.2Sep",2022
"503","Fragaria vesca",3,"LHPP1",2022
"504","Fragaria vesca",3,"LHPP2",2022
"505","Fragaria vesca",3,"WWRP3",2022
"506","Fragaria virginiana",3,"LBRP8",2022
"507","Fragaria virginiana",3,"LHPP1",2022
"508","Fragaria virginiana",3,"LHPP2",2022
"509","Fragaria virginiana",3,"MRPRCPL2",2022
"510","Fragaria virginiana",3,"SLBR.W",2022
"511","Frangula alnus",15,"LHDL2.2Sep",2022
"512","Frangula alnus",3,"LHHL2",2022
"513","Frangula alnus",3,"LHHL3",2022
"514","Frangula alnus",3,"LHPP1",2022
"515","Frangula alnus",3,"LHPP2",2022
"516","Frangula alnus",3,"LHRPPR1",2022
"517","Frangula alnus",37.5,"LHTS1",2022
"518","Fraxinus nigra",15,"LBRP7",2022
"519","Fraxinus pennsylvanica",0.5,"LBRP1",2022
"520","Fraxinus pennsylvanica",3,"LBRP7",2022
"521","Fraxinus pennsylvanica",3,"LBRP8",2022
"522","Fraxinus pennsylvanica",3,"LHDL1",2022
"523","Fraxinus pennsylvanica",3,"LHHL1",2022
"524","Fraxinus pennsylvanica",3,"LHHL2",2022
"525","Fraxinus pennsylvanica",3,"LHHL3",2022
"526","Fraxinus pennsylvanica",3,"LHHL4",2022
"527","Fraxinus pennsylvanica",3,"LHHL5",2022
"528","Fraxinus pennsylvanica",0.5,"LHPP1",2022
"529","Fraxinus pennsylvanica",3,"LHTS1",2022
"530","Fraxinus pennsylvanica",3,"LHWR",2022
"531","Fraxinus pennsylvanica",0.5,"MRPRCPL2",2022
"532","Fraxinus pennsylvanica",0.5,"SCPCA2",2022
"533","Fraxinus pennsylvanica",15,"SCPCA3",2022
"534","Fraxinus pennsylvanica",0.5,"SLBR.W",2022
"535","Fraxinus pennsylvanica",0.5,"WWIMR",2022
"536","Galeopsis tetrahit",37.5,"LHSP1.1",2022
"537","Galium aparine",3,"LHHL1",2022
"538","Galium aparine",3,"LHHL4",2022
"539","Galium aparine",3,"LHHL5",2022
"540","Galium aparine",3,"SCPCA3",2022
"541","Galium asprellum",3,"SCPCA3",2022
"542","Galium asprellum",3,"WWBW",2022
"543","Galium boreale",3,"LHDL2.2Sep",2022
"544","Galium concinnum",3,"WWRPWL",2022
"545","Galium triflorum",3,"LBRP7",2022
"546","Galium triflorum",3,"LHDL1",2022
"547","Galium triflorum",3,"LHDL2.2Sep",2022
"548","Galium triflorum",3,"LHDL6",2022
"549","Galium triflorum",3,"LHHL1",2022
"550","Galium triflorum",3,"LHHL2",2022
"551","Galium triflorum",3,"LHHL3",2022
"552","Galium triflorum",3,"LHHL4",2022
"553","Galium triflorum",3,"LHHL5",2022
"554","Galium triflorum",0.5,"LHPP2",2022
"555","Galium triflorum",3,"LHSP1.1",2022
"556","Galium triflorum",3,"MRPRCPL2",2022
"557","Galium triflorum",3,"WWRP1",2022
"558","Galium triflorum",3,"WWRP3",2022
"559","Galium triflorum",3,"WWRP5",2022
"560","Galium triflorum",3,"WWRPWL",2022
"561","Gentiana sp.",0.5,"MRPRCPL19.1",2022
"562","Geranium maculatum",3,"LHDL1",2022
"563","Geranium maculatum",3,"LHDL2.2Sep",2022
"564","Geranium maculatum",3,"LHHL1",2022
"565","Geranium maculatum",3,"LHHL2",2022
"566","Geranium maculatum",3,"LHHL4",2022
"567","Geranium maculatum",3,"LHHL5",2022
"568","Geranium maculatum",3,"LHSP1.1",2022
"569","Geranium maculatum",3,"MRPRCPL2",2022
"570","Geranium maculatum",3,"WWRPWL",2022
"571","Geum aleppicum",3,"WWBW",2022
"572","Geum aleppicum",15,"WWRP1",2022
"573","Geum canadense",3,"LBRP7",2022
"574","Geum canadense",3,"LHDL1",2022
"575","Geum canadense",3,"LHDL2.2Sep",2022
"576","Geum canadense",3,"LHHL2",2022
"577","Geum canadense",3,"LHHL3",2022
"578","Geum canadense",3,"LHPP2",2022
"579","Geum canadense",3,"LHSP1.1",2022
"580","Geum canadense",3,"WWRP5",2022
"581","Geum canadense",3,"WWRPWL",2022
"582","Geum sp.",3,"LHDL6",2022
"583","Geum sp.",3,"LHHL1",2022
"584","Geum sp.",3,"WWRP3",2022
"585","Glechoma hederacea",3,"LBRP7",2022
"586","Glechoma hederacea",15,"MRPRCPL2",2022
"587","Gleditsia triacanthos",0.5,"LHHL2",2022
"588","Gleditsia triacanthos",0.5,"LHHL4",2022
"589","Glyceria striata",37.5,"LBRP4",2022
"590","Hackelia virginiana",3,"LBRP7",2022
"591","Hackelia virginiana",3,"LHDL1",2022
"592","Hackelia virginiana",0.5,"LHDL2.2Sep",2022
"593","Hackelia virginiana",3,"LHDL6",2022
"594","Hackelia virginiana",3,"LHHL1",2022
"595","Hackelia virginiana",3,"LHHL2",2022
"596","Hackelia virginiana",3,"LHHL3",2022
"597","Hackelia virginiana",3,"LHHL4",2022
"598","Hackelia virginiana",3,"LHHL5",2022
"599","Hackelia virginiana",3,"LHSP1.1",2022
"600","Hackelia virginiana",15,"MRPRCPL2",2022
"601","Helianthemum bicknellii",3,"LHPP2",2022
"602","Helianthus cf. pauciflorus",3,"SLBR.W",2022
"603","Helianthus giganteus s.s.",15,"WWRP1",2022
"604","Helianthus grosseserratus",3,"WWBW",2022
"605","Helianthus pauciflorus",37.5,"WWIMR",2022
"606","Helianthus pauciflorus",3,"WWRP4",2022
"607","Helianthus sp.",3,"MRPRHT",2022
"608","Helianthus tuberosus",3,"SLBR.E",2022
"609","Helianthus tuberosus",15,"WWRP2",2022
"610","Helianthus tuberosus",15,"WWRP3",2022
"611","Heliopsis helianthoides",3,"MRPRHT",2022
"612","Heliopsis helianthoides",3,"SLBR.E",2022
"613","Heliopsis helianthoides",3,"WWRP3",2022
"614","Hypericum pyramidatum",3,"WWRP3",2022
"615","Impatiens capensis",37.5,"LHTS1",2022
"616","Impatiens capensis",37.5,"SCPCA2",2022
"617","Impatiens capensis",15,"SCPCA3",2022
"618","Iris sp.",3,"LHHL1",2022
"619","Juglans nigra",3,"LBRP8",2022
"620","Juglans nigra",3,"SLBR.W",2022
"621","Juglans nigra",3,"WWIMR",2022
"622","Juglans nigra",3,"WWRP4",2022
"623","Juglans nigra",3,"WWRP5",2022
"624","Juncus sp.",3,"WWRP1",2022
"625","Juncus tenuis",3,"WWBW",2022
"626","Juniperus virginiana",0.5,"LBRP7",2022
"627","Juniperus virginiana",0.5,"LHHL1",2022
"628","Juniperus virginiana",62.5,"MRPRCPL2",2022
"629","Juniperus virginiana",15,"WWRP4",2022
"630","Juniperus virginiana",3,"WWRP5",2022
"631","Lactuca biennis",3,"LHSP1.1",2022
"632","Lactuca biennis",0.5,"WWRP5",2022
"633","Lactuca canadensis",0.5,"LBRP8",2022
"634","Lactuca canadensis",3,"LHDL6",2022
"635","Lactuca canadensis",3,"LHPP1",2022
"636","Lactuca canadensis",0.5,"MRPRHT",2022
"637","Lactuca canadensis",0.5,"SCPCA3",2022
"638","Lactuca canadensis",3,"SLBR",2022
"639","Lactuca canadensis",3,"WWRP3",2022
"640","Lactuca canadensis",3,"WWRP5",2022
"641","Lactuca serriola",3,"SCPCA2",2022
"642","Lactuca sp.",0.5,"SCPCA2",2022
"643","Lactuca sp.",3,"SCPCA3",2022
"644","Laportea canadensis",3,"LBRP7",2022
"645","Leersia oryzoides",15,"LHDL1",2022
"646","Leersia oryzoides",37.5,"LHTS1",2022
"647","Leersia virginica",3,"MRPRCPL2",2022
"648","Lemna minor s.s.",3,"LBRP4",2022
"649","Leonurus cardiaca",3,"LBRP7",2022
"650","Leonurus cardiaca",3,"SCPCA3",2022
"651","Lespedeza capitata",3,"LHPP1",2022
"652","Lespedeza capitata",3,"LHPP2",2022
"653","Lespedeza capitata",3,"LHRPPR1",2022
"654","Lespedeza capitata",3,"SLBR.W",2022
"655","Lespedeza leptostachya",3,"SLBR",2022
"656","Liatris aspera",3,"WWRPPR2",2022
"657","Liatris ligulistylis",0.5,"SLBR.W",2022
"658","Liatris punctata",3,"WWRP4",2022
"659","Linaria vulgaris",15,"LHPP2",2022
"660","Linaria vulgaris",15,"LHWR",2022
"661","Linaria vulgaris",3,"SLBR.W",2022
"662","Linum sulcatum",3,"MRPR1",2022
"663","Linum sulcatum",3,"MRPRCPL19.1",2022
"664","Linum sulcatum",3,"WWRPPR2",2022
"665","Liparis liliifolia",3,"LHHL4",2022
"666","Lithospermum canescens",3,"MRPR1",2022
"667","Lithospermum sp.",3,"MRPRCPL19.1",2022
"668","Lobelia siphilitica",3,"WWRP1",2022
"669","Lotus corniculatus",3,"LHRPPR1",2022
"670","Lotus corniculatus",15,"LHWR",2022
"671","Lupinus perennis",15,"SLBR",2022
"672","Lycopus americanus",0.5,"LHHL4",2022
"673","Lycopus americanus",3,"WWRP1",2022
"674","Lycopus uniflorus",3,"LBRP4",2022
"675","Lycopus uniflorus",3,"LHTS1",2022
"676","Maianthemum canadense",3,"LBRP7",2022
"677","Maianthemum canadense",3,"LHDL2.2Sep",2022
"678","Maianthemum canadense",3,"LHDL6",2022
"679","Maianthemum canadense",0.5,"LHHL2",2022
"680","Maianthemum canadense",3,"LHHL3",2022
"681","Maianthemum canadense",3,"LHHL4",2022
"682","Maianthemum canadense",3,"LHHL5",2022
"683","Maianthemum canadense",3,"LHSP1.1",2022
"684","Maianthemum canadense",3,"WWRPWL",2022
"685","Maianthemum racemosum",0.5,"LBRP7",2022
"686","Maianthemum racemosum",0.5,"LHDL2.2Sep",2022
"687","Maianthemum racemosum",3,"LHDL6",2022
"688","Maianthemum racemosum",3,"LHHL2",2022
"689","Maianthemum racemosum",3,"LHHL5",2022
"690","Maianthemum racemosum",0.5,"LHSP1.1",2022
"691","Maianthemum racemosum",0.5,"WWRP2",2022
"692","Maianthemum racemosum",0.5,"WWRP3",2022
"693","Maianthemum racemosum",0.5,"WWRPWL",2022
"694","Maianthemum sp.",3,"LHHL3",2022
"695","Maianthemum stellatum",0.5,"LHHL4",2022
"696","Malus sp.",0.5,"LHPP2",2022
"697","Medicago lupulina",3,"MRPRCPL19.1",2022
"698","Melilotus alba",3,"LBRP8",2022
"699","Melilotus alba",3,"MRPRCPL19.1",2022
"700","Melilotus officinalis",3,"MRPRCPL19.1",2022
"701","Melilotus sp.",3,"WWRP1",2022
"702","Melilotus sp.",3,"WWRP2",2022
"703","Melilotus sp.",0.5,"WWRPPR2",2022
"704","Menispermum canadense",3,"WWRPWL",2022
"705","Mirabilis nyctaginea",0.5,"LBRP8",2022
"706","Mirabilis nyctaginea",15,"WWRP4",2022
"707","Mollugo verticillata",3,"SLBR",2022
"708","Monarda fistulosa",15,"LBRP1",2022
"709","Monarda fistulosa",15,"LBRP8",2022
"710","Monarda fistulosa",3,"LHDL2.2Sep",2022
"711","Monarda fistulosa",15,"LHPP1",2022
"712","Monarda fistulosa",3,"LHPP2",2022
"713","Monarda fistulosa",3,"LHRPPR1",2022
"714","Monarda fistulosa",3,"LHSP1.1",2022
"715","Monarda fistulosa",3,"LHWR",2022
"716","Monarda fistulosa",3,"MRPRCPL19.1",2022
"717","Monarda fistulosa",3,"MRPRCPL2",2022
"718","Monarda fistulosa",3,"MRPRHT",2022
"719","Monarda fistulosa",3,"SLBR",2022
"720","Monarda fistulosa",15,"SLBR.E",2022
"721","Monarda fistulosa",15,"SLBR.W",2022
"722","Monarda fistulosa",3,"WWBW",2022
"723","Monarda fistulosa",3,"WWIMR",2022
"724","Monarda fistulosa",0.5,"WWRP1",2022
"725","Monarda fistulosa",3,"WWRP2",2022
"726","Monarda fistulosa",3,"WWRP3",2022
"727","Monarda punctata",3,"MRPRHT",2022
"728","Morus alba",3,"LHPP2",2022
"729","Morus alba",3,"SLBR",2022
"730","Muhlenbergia cuspidata",15,"MRPR1",2022
"731","Oenothera sp.",0.5,"SLBR",2022
"732","Onoclea sensibilis",3,"LHDL1",2022
"733","Onoclea sensibilis",3,"LHHL3",2022
"734","Onoclea sensibilis",3,"LHHL4",2022
"735","Onoclea sensibilis",3,"LHHL5",2022
"736","Onoclea sensibilis",3,"LHTS1",2022
"737","Onoclea sensibilis",3,"WWBW",2022
"738","Osmorhiza claytonii",3,"LBRP7",2022
"739","Osmorhiza claytonii",3,"LHHL2",2022
"740","Osmorhiza claytonii",3,"LHHL3",2022
"741","Osmorhiza longistylis",3,"LHHL3",2022
"742","Osmorhiza longistylis",3,"MRPRCPL2",2022
"743","Osmorhiza longistylis",3,"WWRPWL",2022
"744","Osmunda claytoniana",3,"LHHL5",2022
"745","Osmunda claytoniana",3,"LHTS1",2022
"746","Ostrya virginiana",3,"LHDL1",2022
"747","Ostrya virginiana",62.5,"LHHL3",2022
"748","Ostrya virginiana",3,"LHHL5",2022
"749","Ostrya virginiana",3,"MRPRCPL19.1",2022
"750","Oxalis stricta",3,"LHDL6",2022
"751","Oxalis stricta",3,"LHHL1",2022
"752","Oxalis stricta",3,"LHHL4",2022
"753","Oxalis stricta",3,"LHPP1",2022
"754","Oxalis stricta",3,"LHRPPR1",2022
"755","Oxalis stricta",3,"MRPRCPL19.1",2022
"756","Oxalis stricta",3,"MRPRCPL2",2022
"757","Oxalis stricta",3,"SCPCA3",2022
"758","Oxalis stricta",3,"SLBR",2022
"759","Oxalis stricta",3,"WWIMR",2022
"760","Oxalis stricta",3,"WWRP2",2022
"761","Panicum capillare",15,"LHPP1",2022
"762","Panicum capillare",15,"LHPP2",2022
"763","Panicum capillare",3,"SLBR.W",2022
"764","Panicum virgatum",15,"SLBR.E",2022
"765","Parthenium integrifolium",3,"MRPRHT",2022
"766","Parthenium integrifolium",3,"SLBR.E",2022
"767","Parthenocissus inserta",3,"LHDL2.2Sep",2022
"768","Parthenocissus inserta",15,"LHHL2",2022
"769","Parthenocissus inserta",3,"LHHL4",2022
"770","Parthenocissus inserta",3,"LHWR",2022
"771","Parthenocissus inserta",3,"MRPRCPL2",2022
"772","Parthenocissus inserta",3,"SCPCA3",2022
"773","Parthenocissus inserta",3,"WWRP2",2022
"774","Parthenocissus inserta",0.5,"WWRP4",2022
"775","Parthenocissus inserta",3,"WWRPWL",2022
"776","Parthenocissus quinquefolia",15,"LBRP7",2022
"777","Parthenocissus quinquefolia",3,"LBRP8",2022
"778","Parthenocissus quinquefolia",15,"LHDL1",2022
"779","Parthenocissus quinquefolia",3,"LHHL1",2022
"780","Parthenocissus quinquefolia",3,"LHHL4",2022
"781","Parthenocissus quinquefolia",3,"LHHL5",2022
"782","Parthenocissus quinquefolia",37.5,"LHSP1.1",2022
"783","Parthenocissus quinquefolia",15,"SCPCA3",2022
"784","Parthenocissus quinquefolia",3,"SLBR",2022
"785","Parthenocissus sp.",0.5,"LHPP2",2022
"786","Pastinaca sativa",0.5,"LBRP8",2022
"787","Pedicularis lanceolata",0.5,"WWBW",2022
"788","Pedicularis lanceolata",3,"WWRP1",2022
"789","Persicaria punctata",15,"LBRP4",2022
"790","Persicaria punctata",15,"LHTS1",2022
"791","Persicaria sagittata",3,"LHHL1",2022
"792","Persicaria sagittata",3,"LHHL5",2022
"793","Persicaria sagittata",3,"LHTS1",2022
"794","Persicaria sagittata",3,"SCPCA3",2022
"795","Persicaria sagittata",3,"WWBW",2022
"796","Phalaris arundinacea",15,"LBRP4",2022
"797","Phalaris arundinacea",3,"LHDL1",2022
"798","Phalaris arundinacea",3,"LHDL2.2Sep",2022
"799","Phalaris arundinacea",3,"LHDL6",2022
"800","Phalaris arundinacea",15,"LHHL1",2022
"801","Phalaris arundinacea",3,"LHHL5",2022
"802","Phalaris arundinacea",3,"LHPP2",2022
"803","Phalaris arundinacea",15,"LHTS1",2022
"804","Phalaris arundinacea",15,"SCPCA3",2022
"805","Phalaris arundinacea",3,"WWBW",2022
"806","Phalaris arundinacea",3,"WWRP1",2022
"807","Phalaris arundinacea",15,"WWRP3",2022
"808","Phalaris arundinacea",15,"WWRP5",2022
"809","Phleum pratense",3,"LHWR",2022
"810","Phryma leptostachya",0.5,"LBRP7",2022
"811","Phryma leptostachya",3,"WWRPWL",2022
"812","Physalis heterophylla",15,"LBRP8",2022
"813","Physalis heterophylla",0.5,"SLBR.E",2022
"814","Physalis virginiana",3,"MRPR1",2022
"815","Pilea pumila",3,"MRPRCPL2",2022
"816","Pilea sp.",3,"LHDL1",2022
"817","Pilea sp.",3,"LHSP1.1",2022
"818","Pilea sp.",3,"LHTS1",2022
"819","Pilea sp.",3,"SCPCA3",2022
"820","Plantago major",0.5,"MRPRCPL19.1",2022
"821","Plantago major",3,"WWRP5",2022
"822","Plantago rugelii",0.5,"LHDL1",2022
"823","Plantago rugelii",3,"LHHL4",2022
"824","Plantago rugelii",3,"MRPRCPL2",2022
"825","Poa palustris",3,"LHTS1",2022
"826","Poa palustris",3,"WWRP1",2022
"827","Poa pratensis",3,"LBRP8",2022
"828","Poa pratensis",3,"LHPP1",2022
"829","Poa pratensis",3,"LHPP2",2022
"830","Poa pratensis",3,"LHSP1.1",2022
"831","Poa pratensis",15,"LHWR",2022
"832","Poa pratensis",3,"MRPR1",2022
"833","Poa pratensis",3,"MRPRCPL19.1",2022
"834","Poa pratensis",3,"SLBR",2022
"835","Poa pratensis",15,"SLBR.E",2022
"836","Poa pratensis",15,"SLBR.W",2022
"837","Poa pratensis",3,"WWBW",2022
"838","Poa pratensis",3,"WWIMR",2022
"839","Poa pratensis",3,"WWRPPR2",2022
"840","Poa sp.",3,"LHHL5",2022
"841","Polygonatum pubescens",3,"LHHL1",2022
"842","Populus grandidentata",62.5,"LHHL3",2022
"843","Populus tremuloides",3,"LHDL1",2022
"844","Populus tremuloides",3,"LHDL2.2Sep",2022
"845","Populus tremuloides",3,"LHHL3",2022
"846","Populus tremuloides",37.5,"LHHL4",2022
"847","Populus tremuloides",3,"LHHL5",2022
"848","Populus tremuloides",3,"LHPP1",2022
"849","Populus tremuloides",3,"LHPP2",2022
"850","Populus tremuloides",3,"LHRPPR1",2022
"851","Populus tremuloides",3,"LHSP1.1",2022
"852","Populus tremuloides",3,"MRPR1",2022
"853","Populus tremuloides",3,"MRPRCPL19.1",2022
"854","Populus tremuloides",3,"SCPCA2",2022
"855","Populus tremuloides",3,"WWRP4",2022
"856","Populus tremuloides",15,"WWRPWL",2022
"857","Potentilla recta",3,"LBRP8",2022
"858","Potentilla recta",3,"LHDL6",2022
"859","Potentilla recta",3,"LHRPPR1",2022
"860","Potentilla recta",0.5,"MRPRHT",2022
"861","Potentilla recta",3,"SLBR.W",2022
"862","Potentilla recta",3,"WWIMR",2022
"863","Potentilla recta",3,"WWRP4",2022
"864","Prairie violet sp.",3,"MRPR1",2022
"865","Prairie violet sp.",0.5,"MRPRHT",2022
"866","Prairie violet sp.",3,"WWIMR",2022
"867","Prairie violet sp.",0.5,"WWRPPR2",2022
"868","Prenanthes alba",0.5,"LHDL2.2Sep",2022
"869","Prunella vulgaris",3,"MRPRCPL2",2022
"870","Prunus americana",0.5,"LHDL2.2Sep",2022
"871","Prunus americana",3,"WWBW",2022
"872","Prunus americana",3,"WWIMR",2022
"873","Prunus americana",3,"WWRP2",2022
"874","Prunus americana",3,"WWRP3",2022
"875","Prunus serotina",15,"LHDL1",2022
"876","Prunus serotina",15,"LHDL2.2Sep",2022
"877","Prunus serotina",15,"LHHL1",2022
"878","Prunus serotina",37.5,"LHHL2",2022
"879","Prunus serotina",3,"LHHL3",2022
"880","Prunus serotina",15,"LHHL4",2022
"881","Prunus serotina",15,"LHHL5",2022
"882","Prunus serotina",3,"LHPP1",2022
"883","Prunus serotina",3,"LHPP2",2022
"884","Prunus serotina",15,"LHSP1.1",2022
"885","Prunus serotina",3,"LHWR",2022
"886","Prunus serotina",3,"MRPRCPL19.1",2022
"887","Prunus serotina",15,"MRPRCPL2",2022
"888","Prunus serotina",3,"SLBR",2022
"889","Prunus serotina",3,"SLBR.W",2022
"890","Prunus serotina",3,"WWRP3",2022
"891","Prunus serotina",15,"WWRP5",2022
"892","Prunus serotina",15,"WWRPWL",2022
"893","Prunus virginiana",3,"LBRP7",2022
"894","Prunus virginiana",3,"LHDL1",2022
"895","Prunus virginiana",3,"LHDL2.2Sep",2022
"896","Prunus virginiana",15,"LHHL1",2022
"897","Prunus virginiana",15,"LHHL2",2022
"898","Prunus virginiana",3,"LHHL3",2022
"899","Prunus virginiana",3,"LHHL4",2022
"900","Prunus virginiana",3,"LHHL5",2022
"901","Prunus virginiana",15,"LHSP1.1",2022
"902","Prunus virginiana",0.5,"MRPRCPL19.1",2022
"903","Prunus virginiana",3,"SLBR",2022
"904","Prunus virginiana",3,"WWRP5",2022
"905","Prunus virginiana",15,"WWRPWL",2022
"906","Pseudognaphalium obtusifolium",3,"LHPP1",2022
"907","Pseudognaphalium obtusifolium",3,"LHPP2",2022
"908","Pteridium aquilinum",15,"LHHL1",2022
"909","Pteridium aquilinum",3,"LHHL5",2022
"910","Pycnanthemum virginianum",0.5,"MRPR1",2022
"911","Pycnanthemum virginianum",3,"SLBR.E",2022
"912","Pycnanthemum virginianum",3,"SLBR.W",2022
"913","Pycnanthemum virginianum",3,"WWBW",2022
"914","Pyrola elliptica",3,"LHHL4",2022
"915","Pyrola elliptica",3,"LHHL5",2022
"916","Quercus alba",0.5,"LHDL1",2022
"917","Quercus alba",15,"LHHL1",2022
"918","Quercus alba",15,"LHHL2",2022
"919","Quercus ellipsoidalis",15,"LHDL1",2022
"920","Quercus ellipsoidalis",15,"LHDL2.2Sep",2022
"921","Quercus ellipsoidalis",37.5,"LHHL1",2022
"922","Quercus ellipsoidalis",3,"LHPP1",2022
"923","Quercus ellipsoidalis",15,"LHPP2",2022
"924","Quercus ellipsoidalis",0.5,"LHRPPR1",2022
"925","Quercus ellipsoidalis",37.5,"LHSP1.1",2022
"926","Quercus ellipsoidalis",3,"SLBR.W",2022
"927","Quercus ellipsoidalis",0.5,"WWRP3",2022
"928","Quercus ellipsoidalis",0.5,"WWRP5",2022
"929","Quercus macrocarpa",15,"LHDL2.2Sep",2022
"930","Quercus macrocarpa",0.5,"LHHL4",2022
"931","Quercus macrocarpa",15,"LHHL5",2022
"932","Quercus macrocarpa",3,"LHPP2",2022
"933","Quercus macrocarpa",37.5,"LHSP1.1",2022
"934","Quercus macrocarpa",3,"MRPRCPL19.1",2022
"935","Quercus macrocarpa",37.5,"SLBR",2022
"936","Quercus macrocarpa",3,"WWRP5",2022
"937","Quercus macrocarpa",37.5,"WWRPWL",2022
"938","Quercus rubra",37.5,"LHHL2",2022
"939","Quercus rubra",15,"LHHL3",2022
"940","Quercus rubra",15,"LHHL4",2022
"941","Quercus rubra",15,"LHHL5",2022
"942","Ranunculus abortivus",3,"LHDL6",2022
"943","Ranunculus abortivus",3,"LHHL1",2022
"944","Ranunculus abortivus",3,"LHHL2",2022
"945","Ranunculus abortivus",3,"LHHL3",2022
"946","Ranunculus abortivus",3,"LHHL5",2022
"947","Ranunculus abortivus",3,"LHSP1.1",2022
"948","Ranunculus hispidus",0.5,"LHDL1",2022
"949","Ranunculus hispidus",3,"LHHL3",2022
"950","Ranunculus hispidus",3,"LHHL4",2022
"951","Ranunculus hispidus",3,"LHHL5",2022
"952","Ranunculus hispidus",3,"MRPRCPL2",2022
"953","Ranunculus recurvatus",3,"LHHL1",2022
"954","Ranunculus recurvatus",0.5,"LHHL3",2022
"955","Ranunculus recurvatus",3,"LHHL4",2022
"956","Ratibida pinnata",3,"MRPRCPL19.1",2022
"957","Ratibida pinnata",3,"MRPRHT",2022
"958","Ratibida pinnata",15,"SLBR.E",2022
"959","Ratibida pinnata",15,"SLBR.W",2022
"960","Ratibida pinnata",3,"WWRP3",2022
"961","Ratibida pinnata",3,"WWRPPR2",2022
"962","Rhamnus cathartica",87.5,"LBRP7",2022
"963","Rhamnus cathartica",3,"LBRP8",2022
"964","Rhamnus cathartica",3,"LHDL1",2022
"965","Rhamnus cathartica",15,"LHDL2.2Sep",2022
"966","Rhamnus cathartica",15,"LHHL1",2022
"967","Rhamnus cathartica",15,"LHHL2",2022
"968","Rhamnus cathartica",3,"LHHL3",2022
"969","Rhamnus cathartica",15,"LHHL4",2022
"970","Rhamnus cathartica",15,"LHHL5",2022
"971","Rhamnus cathartica",0.5,"LHPP1",2022
"972","Rhamnus cathartica",3,"LHPP2",2022
"973","Rhamnus cathartica",37.5,"LHSP1.1",2022
"974","Rhamnus cathartica",3,"LHWR",2022
"975","Rhamnus cathartica",3,"MRPR1",2022
"976","Rhamnus cathartica",3,"MRPRCPL19.1",2022
"977","Rhamnus cathartica",15,"MRPRCPL2",2022
"978","Rhamnus cathartica",0.5,"MRPRHT",2022
"979","Rhamnus cathartica",37.5,"SCPCA3",2022
"980","Rhamnus cathartica",3,"SLBR",2022
"981","Rhamnus cathartica",3,"WWBW",2022
"982","Rhamnus cathartica",3,"WWIMR",2022
"983","Rhamnus cathartica",3,"WWRP1",2022
"984","Rhamnus cathartica",15,"WWRP3",2022
"985","Rhamnus cathartica",15,"WWRP5",2022
"986","Rhamnus cathartica",3,"WWRPPR2",2022
"987","Rhus glabra",3,"LBRP8",2022
"988","Rhus glabra",3,"LHPP1",2022
"989","Rhus glabra",3,"LHPP2",2022
"990","Rhus glabra",0.5,"LHWR",2022
"991","Rhus glabra",15,"SLBR",2022
"992","Rhus glabra",3,"SLBR.E",2022
"993","Rhus glabra",15,"SLBR.W",2022
"994","Rhus glabra",62.5,"WWIMR",2022
"995","Rhus glabra",3,"WWRP4",2022
"996","Ribes americanum",0.5,"LHDL1",2022
"997","Ribes americanum",3,"LHHL3",2022
"998","Ribes americanum",0.5,"LHHL4",2022
"999","Ribes americanum",3,"LHTS1",2022
"1000","Ribes americanum",15,"SCPCA3",2022
"1001","Ribes cf. missouriensis",15,"LHHL2",2022
"1002","Ribes missouriense",3,"LHHL1",2022
"1003","Ribes missouriense",15,"LHHL3",2022
"1004","Ribes missouriense",15,"LHHL5",2022
"1005","Ribes sp.",3,"LBRP7",2022
"1006","Ribes sp.",0.5,"LBRP8",2022
"1007","Ribes sp.",15,"LHDL1",2022
"1008","Ribes sp.",3,"LHDL2.2Sep",2022
"1009","Ribes sp.",3,"LHHL4",2022
"1010","Ribes sp.",3,"LHPP2",2022
"1011","Ribes sp.",3,"LHSP1.1",2022
"1012","Ribes sp.",3,"MRPRCPL2",2022
"1013","Ribes sp.",15,"WWRP5",2022
"1014","Ribes sp.",3,"WWRPWL",2022
"1015","Rorippa palustris",3,"SCPCA2",2022
"1016","Rosa arkansana",15,"WWRP2",2022
"1017","Rosa sp.",0.5,"LHHL1",2022
"1018","Rubus allegheniensis",15,"LHDL1",2022
"1019","Rubus allegheniensis",3,"LHRPPR1",2022
"1020","Rubus allegheniensis s.s.",3,"LHDL2.2Sep",2022
"1021","Rubus allegheniensis s.s.",3,"LHHL1",2022
"1022","Rubus allegheniensis s.s.",3,"LHHL2",2022
"1023","Rubus allegheniensis s.s.",3,"LHHL5",2022
"1024","Rubus allegheniensis s.s.",3,"LHPP2",2022
"1025","Rubus allegheniensis s.s.",3,"LHSP1.1",2022
"1026","Rubus allegheniensis s.s.",15,"LHWR",2022
"1027","Rubus allegheniensis s.s.",3,"WWIMR",2022
"1028","Rubus flagellaris",3,"LHHL4",2022
"1029","Rubus idaeus",3,"LHDL1",2022
"1030","Rubus idaeus",3,"LHDL2.2Sep",2022
"1031","Rubus idaeus",0.5,"LHHL1",2022
"1032","Rubus idaeus",3,"LHHL3",2022
"1033","Rubus idaeus",0.5,"LHHL4",2022
"1034","Rubus idaeus",3,"LHHL5",2022
"1035","Rubus idaeus",3,"LHPP1",2022
"1036","Rubus idaeus",15,"LHPP2",2022
"1037","Rubus idaeus",3,"LHTS1",2022
"1038","Rubus idaeus",3,"MRPRCPL2",2022
"1039","Rubus idaeus",3,"SCPCA3",2022
"1040","Rubus idaeus",15,"SLBR",2022
"1041","Rubus idaeus",3,"WWRP2",2022
"1042","Rubus occidentalis",3,"LBRP1",2022
"1043","Rubus occidentalis",3,"LBRP8",2022
"1044","Rubus occidentalis",15,"LHDL1",2022
"1045","Rubus occidentalis",3,"LHHL1",2022
"1046","Rubus occidentalis",3,"LHHL3",2022
"1047","Rubus occidentalis",3,"LHHL5",2022
"1048","Rubus occidentalis",3,"LHPP1",2022
"1049","Rubus occidentalis",15,"LHPP2",2022
"1050","Rubus occidentalis",15,"LHSP1.1",2022
"1051","Rubus occidentalis",3,"MRPRCPL2",2022
"1052","Rubus occidentalis",0.5,"MRPRHT",2022
"1053","Rubus occidentalis",15,"SCPCA3",2022
"1054","Rubus occidentalis",15,"SLBR",2022
"1055","Rubus occidentalis",15,"SLBR.W",2022
"1056","Rubus occidentalis",3,"WWRP2",2022
"1057","Rubus occidentalis",3,"WWRP3",2022
"1058","Rubus occidentalis",15,"WWRP5",2022
"1059","Rubus occidentalis",15,"WWRPWL",2022
"1060","Rubus pubescens",3,"LHHL1",2022
"1061","Rubus pubescens",3,"LHHL2",2022
"1062","Rubus pubescens",15,"LHTS1",2022
"1063","Rudbeckia hirta",0.5,"LHDL2.2Sep",2022
"1064","Rudbeckia hirta",0.5,"LHDL6",2022
"1065","Rudbeckia hirta",3,"LHPP2",2022
"1066","Rudbeckia hirta",3,"LHRPPR1",2022
"1067","Rudbeckia hirta",0.5,"MRPR1",2022
"1068","Rudbeckia hirta",3,"SLBR.W",2022
"1069","Rudbeckia hirta",3,"WWRP1",2022
"1070","Rudbeckia laciniata",3,"LBRP7",2022
"1071","Rudbeckia laciniata",3,"LHDL6",2022
"1072","Rudbeckia laciniata",3,"LHHL2",2022
"1073","Rudbeckia laciniata",3,"LHHL4",2022
"1074","Rudbeckia laciniata",15,"LHHL5",2022
"1075","Rudbeckia triloba",3,"SLBR.E",2022
"1076","Rumex acetosella",3,"LHPP1",2022
"1077","Rumex acetosella",3,"LHPP2",2022
"1078","Rumex acetosella",3,"LHRPPR1",2022
"1079","Rumex britannica",0.5,"LHTS1",2022
"1080","Salix discolor",3,"WWBW",2022
"1081","Salix discolor",15,"WWRP1",2022
"1082","Salix interior",37.5,"WWRP1",2022
"1083","Salix interior",3,"WWRP5",2022
"1084","Salix petiolaris",3,"WWBW",2022
"1085","Salix sp.",3,"LHTS1",2022
"1086","Sambucus canadensis",15,"SCPCA3",2022
"1087","Sambucus sp.",3,"LHHL2",2022
"1088","Sambucus sp.",0.5,"LHHL3",2022
"1089","Sambucus sp.",3,"LHSP1.1",2022
"1090","Sambucus sp.",0.5,"WWRP5",2022
"1091","Sambucus sp.",3,"WWRPWL",2022
"1092","Sanicula canadensis",15,"WWRPWL",2022
"1093","Sanicula sp.",3,"MRPRCPL2",2022
"1094","Sanicula sp.",3,"SCPCA3",2022
"1095","Sanicula sp.",3,"WWRP5",2022
"1096","Schizachyrium scoparium",15,"LHPP1",2022
"1097","Schizachyrium scoparium",15,"LHPP2",2022
"1098","Schizachyrium scoparium",3,"MRPR1",2022
"1099","Schizachyrium scoparium",3,"MRPRCPL19.1",2022
"1100","Schizachyrium scoparium",15,"SLBR.E",2022
"1101","Schizachyrium scoparium",3,"SLBR.W",2022
"1102","Schizachyrium scoparium",3,"WWRPPR2",2022
"1103","Scirpus atrovirens s.s.",3,"WWBW",2022
"1104","Scirpus atrovirens s.s.",3,"WWRP1",2022
"1105","Scirpus cyperinus s.s.",3,"WWRP1",2022
"1106","Scrophularia lanceolata",3,"LHDL6",2022
"1107","Scrophularia lanceolata",3,"LHHL1",2022
"1108","Scrophularia lanceolata",3,"WWRP3",2022
"1109","Scutellaria lateriflora",3,"LHDL1",2022
"1110","Scutellaria leonardii",3,"MRPR1",2022
"1111","Setaria faberi",0.5,"MRPRHT",2022
"1112","Setaria pumila",0.5,"LHPP1",2022
"1113","Setaria pumila",3,"LHPP2",2022
"1114","Setaria pumila",3,"LHWR",2022
"1115","Setaria pumila",3,"MRPRHT",2022
"1116","Setaria pumila",3,"SLBR",2022
"1117","Setaria pumila",3,"SLBR.E",2022
"1118","Silene antirrhina",3,"WWRP2",2022
"1119","Silene csereii",3,"WWRP4",2022
"1120","Silene latifolia",3,"LHDL2.2Sep",2022
"1121","Silene latifolia",3,"LHDL6",2022
"1122","Silene latifolia",0.5,"LHPP1",2022
"1123","Silene latifolia",3,"LHPP2",2022
"1124","Silene latifolia",3,"WWRP4",2022
"1125","Silene latifolia",0.5,"WWRP5",2022
"1126","Silphium laciniatum",15,"SLBR.E",2022
"1127","Silphium perfoliatum",3,"SLBR.E",2022
"1128","Silphium perfoliatum",3,"SLBR.W",2022
"1129","Smilax sp.",0.5,"WWRP5",2022
"1130","Smilax tamnoides",3,"LBRP7",2022
"1131","Smilax tamnoides",3,"MRPRCPL2",2022
"1132","Solanum dulcamara",0.5,"LHSP1.1",2022
"1133","Solanum dulcamara",3,"LHTS1",2022
"1134","Solanum dulcamara",15,"SCPCA3",2022
"1135","Solanum ptycanthum",3,"SLBR",2022
"1136","Solidago altissima",37.5,"LBRP1",2022
"1137","Solidago altissima",3,"LBRP8",2022
"1138","Solidago altissima",3,"LHDL1",2022
"1139","Solidago altissima",3,"LHDL2.2Sep",2022
"1140","Solidago altissima",3,"LHDL6",2022
"1141","Solidago altissima",3,"LHHL4",2022
"1142","Solidago altissima",3,"LHHL5",2022
"1143","Solidago altissima",15,"LHPP1",2022
"1144","Solidago altissima",15,"LHPP2",2022
"1145","Solidago altissima",3,"LHRPPR1",2022
"1146","Solidago altissima",3,"LHSP1.1",2022
"1147","Solidago altissima",3,"LHTS1",2022
"1148","Solidago altissima",15,"LHWR",2022
"1149","Solidago altissima",15,"MRPRHT",2022
"1150","Solidago altissima",15,"SLBR.W",2022
"1151","Solidago altissima",3,"WWBW",2022
"1152","Solidago altissima",3,"WWIMR",2022
"1153","Solidago altissima",3,"WWRP1",2022
"1154","Solidago altissima",3,"WWRP2",2022
"1155","Solidago altissima",15,"WWRP3",2022
"1156","Solidago altissima",3,"WWRP5",2022
"1157","Solidago altissima",3,"WWRPPR2",2022
"1158","Solidago flexicaulis",3,"LHDL1",2022
"1159","Solidago flexicaulis",3,"LHHL3",2022
"1160","Solidago gigantea",3,"LBRP7",2022
"1161","Solidago gigantea",3,"LBRP8",2022
"1162","Solidago gigantea",3,"LHDL2.2Sep",2022
"1163","Solidago gigantea",3,"LHDL6",2022
"1164","Solidago gigantea",3,"LHHL1",2022
"1165","Solidago gigantea",3,"LHHL4",2022
"1166","Solidago gigantea",3,"LHPP1",2022
"1167","Solidago gigantea",3,"LHPP2",2022
"1168","Solidago gigantea",3,"LHWR",2022
"1169","Solidago gigantea",3,"MRPRCPL19.1",2022
"1170","Solidago gigantea",3,"MRPRHT",2022
"1171","Solidago gigantea",3,"SLBR",2022
"1172","Solidago gigantea",3,"SLBR.E",2022
"1173","Solidago gigantea",3,"SLBR.W",2022
"1174","Solidago gigantea",3,"WWBW",2022
"1175","Solidago gigantea",3,"WWRP1",2022
"1176","Solidago gigantea",3,"WWRP2",2022
"1177","Solidago gigantea",15,"WWRP3",2022
"1178","Solidago gigantea",3,"WWRP5",2022
"1179","Solidago nemoralis",3,"MRPRCPL19.1",2022
"1180","Solidago nemoralis",3,"WWRP4",2022
"1181","Solidago nemoralis",3,"WWRPPR2",2022
"1182","Solidago riddellii",3,"WWRP1",2022
"1183","Solidago rigida",0.5,"LHPP2",2022
"1184","Solidago rigida",3,"SLBR.E",2022
"1185","Solidago rigida",15,"SLBR.W",2022
"1186","Solidago rigida",3,"WWRP3",2022
"1187","Solidago rigida",3,"WWRPPR2",2022
"1188","Solidago speciosa",3,"LHDL2.2Sep",2022
"1189","Solidago speciosa",3,"LHDL6",2022
"1190","Solidago speciosa",15,"LHPP2",2022
"1191","Solidago speciosa",37.5,"LHRPPR1",2022
"1192","Solidago speciosa",3,"SLBR.W",2022
"1193","Solidago ulmifolia",15,"SLBR",2022
"1194","Sorghastrum nutans",3,"LHRPPR1",2022
"1195","Sorghastrum nutans",37.5,"MRPR1",2022
"1196","Sorghastrum nutans",15,"MRPRCPL19.1",2022
"1197","Sorghastrum nutans",3,"SLBR",2022
"1198","Sorghastrum nutans",3,"SLBR.E",2022
"1199","Sorghastrum nutans",15,"SLBR.W",2022
"1200","Sorghastrum nutans",3,"WWRP1",2022
"1201","Sorghastrum nutans",62.5,"WWRPPR2",2022
"1202","Sparganium eurycarpum",15,"LBRP4",2022
"1203","Sporobolus heterolepis",37.5,"MRPR1",2022
"1204","Sporobolus heterolepis",3,"WWIMR",2022
"1205","Stachys palustris",3,"WWBW",2022
"1206","Stachys palustris",3,"WWRP1",2022
"1207","Symphoricarpos occidentalis",15,"WWRP3",2022
"1208","Symphyotrichum cf. ericoides",3,"MRPRCPL19.1",2022
"1209","Symphyotrichum cf. ericoides",3,"WWRP2",2022
"1210","Symphyotrichum cf. laeve",3,"WWRP1",2022
"1211","Symphyotrichum cf. lateriflorum",3,"LHDL1",2022
"1212","Symphyotrichum cf. lateriflorum",3,"LHDL6",2022
"1213","Symphyotrichum cf. oolentangiense",3,"MRPRCPL19.1",2022
"1214","Symphyotrichum cf. pilosum",3,"LHHL1",2022
"1215","Symphyotrichum cf. pilosum",3,"LHHL2",2022
"1216","Symphyotrichum ericoides",3,"WWIMR",2022
"1217","Symphyotrichum ericoides",3,"WWRP3",2022
"1218","Symphyotrichum ericoides",3,"WWRPPR2",2022
"1219","Symphyotrichum laeve",3,"LHPP2",2022
"1220","Symphyotrichum laeve",0.5,"SLBR.E",2022
"1221","Symphyotrichum laeve",3,"SLBR.W",2022
"1222","Symphyotrichum laeve",3,"WWRPPR2",2022
"1223","Symphyotrichum lanceolatum",15,"WWBW",2022
"1224","Symphyotrichum lanceolatum",3,"WWRP3",2022
"1225","Symphyotrichum lateriflorum",3,"LHDL2.2Sep",2022
"1226","Symphyotrichum lateriflorum",3,"LHHL1",2022
"1227","Symphyotrichum lateriflorum",3,"LHHL3",2022
"1228","Symphyotrichum lateriflorum",3,"LHHL5",2022
"1229","Symphyotrichum lateriflorum",3,"LHWR",2022
"1230","Symphyotrichum novae-angliae",3,"LBRP1",2022
"1231","Symphyotrichum novae-angliae",3,"SLBR.E",2022
"1232","Symphyotrichum novae-angliae",3,"WWRP1",2022
"1233","Symphyotrichum oblongifolium",3,"MRPR1",2022
"1234","Symphyotrichum oblongifolium",3,"WWRP4",2022
"1235","Symphyotrichum ontarionis",3,"LHHL2",2022
"1236","Symphyotrichum ontarionis",3,"LHHL5",2022
"1237","Symphyotrichum ontarionis",3,"LHSP1.1",2022
"1238","Symphyotrichum ontarionis",0.5,"SCPCA3",2022
"1239","Symphyotrichum ontarionis",3,"WWRP5",2022
"1240","Symphyotrichum ontarionis",3,"WWRPWL",2022
"1241","Symphyotrichum oolentangiense",3,"LHPP2",2022
"1242","Symphyotrichum oolentangiense",3,"LHRPPR1",2022
"1243","Symphyotrichum oolentangiense",3,"LHWR",2022
"1244","Symphyotrichum oolentangiense",3,"MRPR1",2022
"1245","Symphyotrichum oolentangiense",3,"WWRPPR2",2022
"1246","Symphyotrichum pilosum",3,"LHPP1",2022
"1247","Symphyotrichum pilosum",3,"LHPP2",2022
"1248","Symphyotrichum pilosum",3,"SLBR.E",2022
"1249","Symphyotrichum pilosum",3,"SLBR.W",2022
"1250","Symphyotrichum pilosum",3,"WWIMR",2022
"1251","Symphyotrichum sericeum",3,"MRPR1",2022
"1252","Symphyotrichum sp.",0.5,"WWRP4",2022
"1253","Symphyotrichum sp. #2",3,"LHDL6",2022
"1254","Symphyotrichum urophyllum",3,"LHDL6",2022
"1255","Symphyotrichum urophyllum",3,"LHWR",2022
"1256","Taraxacum officinale",0.5,"LHDL2.2Sep",2022
"1257","Taraxacum officinale",3,"LHHL1",2022
"1258","Taraxacum officinale",3,"LHHL4",2022
"1259","Taraxacum officinale",3,"LHHL5",2022
"1260","Taraxacum officinale",3,"LHPP1",2022
"1261","Taraxacum officinale",3,"LHPP2",2022
"1262","Taraxacum officinale",3,"MRPRCPL19.1",2022
"1263","Taraxacum officinale",3,"WWIMR",2022
"1264","Taraxacum officinale",3,"WWRP2",2022
"1265","Taraxacum officinale",3,"WWRP3",2022
"1266","Taraxacum officinale",3,"WWRPPR2",2022
"1267","Teucrium canadense",3,"LBRP7",2022
"1268","Teucrium canadense",3,"MRPRCPL2",2022
"1269","Teucrium canadense",0.5,"SLBR.W",2022
"1270","Thalictrum dasycarpum",3,"LHHL1",2022
"1271","Thalictrum dasycarpum",0.5,"WWRPWL",2022
"1272","Thalictrum dioicum",3,"LHDL1",2022
"1273","Thalictrum dioicum",3,"LHHL1",2022
"1274","Thalictrum dioicum",3,"LHHL2",2022
"1275","Thalictrum dioicum",3,"LHHL4",2022
"1276","Thalictrum dioicum",3,"LHHL5",2022
"1277","Thalictrum dioicum",3,"LHSP1.1",2022
"1278","Thalictrum dioicum",3,"WWRPWL",2022
"1279","Thelypteris palustris",3,"LHTS1",2022
"1280","Tilia americana",3,"SLBR",2022
"1281","Torilis japonica",15,"LHDL1",2022
"1282","Torilis japonica",3,"LHDL6",2022
"1283","Torilis japonica",3,"LHHL2",2022
"1284","Torilis japonica",3,"LHHL3",2022
"1285","Torilis japonica",3,"LHHL4",2022
"1286","Torilis japonica",3,"LHHL5",2022
"1287","Torilis japonica",3,"LHRPPR1",2022
"1288","Torilis japonica",3,"LHWR",2022
"1289","Torilis japonica",3,"WWRP3",2022
"1290","Torilis japonica",3,"WWRP5",2022
"1291","Toxicodendron rydbergii",15,"LBRP8",2022
"1292","Toxicodendron rydbergii",0.5,"LHHL1",2022
"1293","Toxicodendron rydbergii",3,"LHHL2",2022
"1294","Toxicodendron rydbergii",3,"LHHL3",2022
"1295","Toxicodendron rydbergii",3,"LHHL5",2022
"1296","Toxicodendron rydbergii",3,"MRPRCPL19.1",2022
"1297","Toxicodendron rydbergii",15,"SLBR",2022
"1298","Toxicodendron rydbergii",15,"WWRP2",2022
"1299","Toxicodendron rydbergii",15,"WWRP3",2022
"1300","Toxicodendron rydbergii",3,"WWRPWL",2022
"1301","Tragopogon dubius",0.5,"LBRP8",2022
"1302","Tragopogon dubius",0.5,"MRPR1",2022
"1303","Tragopogon dubius",3,"MRPRCPL19.1",2022
"1304","Tragopogon dubius",3,"SLBR",2022
"1305","Trifolium pratense",3,"LHHL4",2022
"1306","Trifolium pratense",3,"MRPRCPL2",2022
"1307","Trifolium pratense",3,"SLBR.E",2022
"1308","Triosteum perfoliatum",3,"MRPRCPL19.1",2022
"1309","Triosteum perfoliatum",3,"WWRP5",2022
"1310","Typha angustifolia",3,"LBRP4",2022
"1311","Typha angustifolia",3,"LHTS1",2022
"1312","Typha latifolia",62.5,"LBRP4",2022
"1313","Typha latifolia",3,"LHTS1",2022
"1314","Ulmus americana",0.5,"LBRP7",2022
"1315","Ulmus americana",15,"LHDL1",2022
"1316","Ulmus americana",15,"LHHL1",2022
"1317","Ulmus americana",0.5,"LHHL2",2022
"1318","Ulmus americana",15,"LHHL4",2022
"1319","Ulmus americana",15,"LHSP1.1",2022
"1320","Ulmus americana",37.5,"MRPRCPL2",2022
"1321","Ulmus americana",15,"WWRP5",2022
"1322","Ulmus americana",3,"WWRPWL",2022
"1323","Ulmus pumila",3,"LBRP1",2022
"1324","Ulmus pumila",3,"LBRP8",2022
"1325","Ulmus pumila",3,"LHPP1",2022
"1326","Ulmus pumila",3,"SLBR.W",2022
"1327","Ulmus pumila",0.5,"WWIMR",2022
"1328","Ulmus pumila",3,"WWRP2",2022
"1329","Ulmus pumila",0.5,"WWRP4",2022
"1330","Unknown forb",3,"LBRP7",2022
"1331","Unknown forb",3,"LHHL2",2022
"1332","Unknown forb",3,"LHHL5",2022
"1333","Unknown forb",3,"LHTS1",2022
"1334","Unknown forb",0.5,"MRPR1",2022
"1335","Unknown forb",3,"MRPRHT",2022
"1336","Unknown forb",3,"WWRP2",2022
"1337","Unknown forb",0.5,"WWRP4",2022
"1338","Unknown grass #2",3,"LHHL5",2022
"1339","Unknown grass 1",3,"LHHL4",2022
"1340","Unknown grass 1",15,"LHHL5",2022
"1341","Unknown grass 1",3,"LHRPPR1",2022
"1342","Unknown grass 1",3,"WWRP3",2022
"1343","Unknown grass 1",3,"WWRP5",2022
"1344","Unknown grass 1",0.5,"WWRPPR2",2022
"1345","Unknown mint",3,"LHHL5",2022
"1346","Urtica dioica",0.5,"LBRP7",2022
"1347","Urtica dioica",3,"LHDL1",2022
"1348","Urtica dioica",3,"LHHL5",2022
"1349","Urtica dioica",3,"LHSP1.1",2022
"1350","Urtica dioica",3,"LHTS1",2022
"1351","Urtica dioica",3,"MRPRHT",2022
"1352","Urtica dioica",15,"SCPCA2",2022
"1353","Urtica dioica",15,"SCPCA3",2022
"1354","Urtica dioica",3,"WWRPWL",2022
"1355","Uvularia grandiflora",0.5,"LHHL4",2022
"1356","Uvularia grandiflora",3,"MRPRCPL2",2022
"1357","Uvularia sessilifolia",3,"LHHL1",2022
"1358","Verbascum thapsus",3,"LBRP8",2022
"1359","Verbascum thapsus",3,"LHDL6",2022
"1360","Verbascum thapsus",3,"LHPP2",2022
"1361","Verbascum thapsus",3,"MRPRCPL19.1",2022
"1362","Verbascum thapsus",3,"MRPRCPL2",2022
"1363","Verbascum thapsus",0.5,"MRPRHT",2022
"1364","Verbascum thapsus",0.5,"WWIMR",2022
"1365","Verbascum thapsus",3,"WWRP4",2022
"1366","Verbena hastata",3,"WWRP1",2022
"1367","Verbena stricta",3,"LBRP8",2022
"1368","Verbena stricta",3,"MRPR1",2022
"1369","Verbena stricta",3,"MRPRCPL19.1",2022
"1370","Verbena stricta",15,"MRPRHT",2022
"1371","Verbena stricta",3,"SLBR",2022
"1372","Verbena stricta",15,"SLBR.E",2022
"1373","Verbena stricta",0.5,"SLBR.W",2022
"1374","Verbena stricta",3,"WWRP4",2022
"1375","Verbena urticifolia",3,"LBRP1",2022
"1376","Verbena urticifolia",3,"MRPRHT",2022
"1377","Verbena urticifolia",3,"WWRP5",2022
"1378","Veronicastrum virginicum",3,"SLBR.W",2022
"1379","Viburnum lentago",3,"LHDL1",2022
"1380","Viburnum lentago",15,"LHHL1",2022
"1381","Viburnum lentago",3,"LHHL2",2022
"1382","Viburnum lentago",3,"LHHL3",2022
"1383","Viburnum lentago",0.5,"LHHL4",2022
"1384","Viburnum lentago",15,"LHHL5",2022
"1385","Viburnum opulus var. opulus",3,"LBRP7",2022
"1386","Viburnum opulus var. opulus",3,"LHDL1",2022
"1387","Viburnum opulus var. opulus",3,"LHHL3",2022
"1388","Viburnum opulus var. opulus",3,"SCPCA3",2022
"1389","Viburnum rafinesquianum",0.5,"LHDL1",2022
"1390","Viburnum rafinesquianum",3,"LHHL1",2022
"1391","Viburnum rafinesquianum",3,"LHHL3",2022
"1392","Viburnum rafinesquianum",3,"LHHL5",2022
"1393","Viburnum rafinesquianum",3,"WWRP5",2022
"1394","Vinca minor",15,"LHHL4",2022
"1395","Viola sororia",3,"LBRP7",2022
"1396","Viola sp.",3,"LBRP8",2022
"1397","Viola sp.",3,"LHDL1",2022
"1398","Viola sp.",3,"LHHL3",2022
"1399","Viola sp.",3,"LHTS1",2022
"1400","Viola sp.",3,"MRPRCPL2",2022
"1401","Viola sp.",3,"WWBW",2022
"1402","Viola sp.",3,"WWRP1",2022
"1403","Viola sp.",3,"WWRP5",2022
"1404","Viola sp.",0.5,"WWRPPR2",2022
"1405","Vitis riparia",3,"LBRP1",2022
"1406","Vitis riparia",3,"LBRP7",2022
"1407","Vitis riparia",3,"LHDL1",2022
"1408","Vitis riparia",3,"LHDL2.2Sep",2022
"1409","Vitis riparia",3,"LHHL1",2022
"1410","Vitis riparia",3,"LHHL2",2022
"1411","Vitis riparia",3,"LHHL4",2022
"1412","Vitis riparia",3,"LHHL5",2022
"1413","Vitis riparia",3,"LHPP1",2022
"1414","Vitis riparia",3,"LHPP2",2022
"1415","Vitis riparia",3,"LHSP1.1",2022
"1416","Vitis riparia",3,"LHWR",2022
"1417","Vitis riparia",3,"MRPRCPL19.1",2022
"1418","Vitis riparia",3,"MRPRCPL2",2022
"1419","Vitis riparia",0.5,"MRPRHT",2022
"1420","Vitis riparia",3,"SCPCA3",2022
"1421","Vitis riparia",3,"SLBR",2022
"1422","Vitis riparia",3,"SLBR.W",2022
"1423","Vitis riparia",3,"WWRP3",2022
"1424","Vitis riparia",3,"WWRPWL",2022
"1425","Zanthoxylum americanum",3,"LBRP7",2022
"1426","Zanthoxylum americanum",3,"LBRP8",2022
"1427","Zanthoxylum americanum",15,"LHDL1",2022
"1428","Zanthoxylum americanum",3,"LHDL2.2Sep",2022
"1429","Zanthoxylum americanum",3,"LHHL1",2022
"1430","Zanthoxylum americanum",3,"LHHL2",2022
"1431","Zanthoxylum americanum",0.5,"LHHL3",2022
"1432","Zanthoxylum americanum",3,"LHHL4",2022
"1433","Zanthoxylum americanum",3,"LHHL5",2022
"1434","Zanthoxylum americanum",0.5,"LHPP1",2022
"1435","Zanthoxylum americanum",3,"LHPP2",2022
"1436","Zanthoxylum americanum",3,"LHSP1.1",2022
"1437","Zanthoxylum americanum",0.5,"LHWR",2022
"1438","Zanthoxylum americanum",3,"MRPRCPL19.1",2022
"1439","Zanthoxylum americanum",3,"WWRP2",2022
"1440","Zanthoxylum americanum",15,"WWRP3",2022
"1441","Zanthoxylum americanum",3,"WWRP5",2022
"1442","Zanthoxylum americanum",3,"WWRPWL",2022
"1443","Zizia aptera",0.5,"WWRPPR2",2022
"1444","Zizia aurea",3,"SLBR.W",2022
"1445","Zizia aurea",3,"WWBW",2022
"1446","Zizia aurea",3,"WWRP1",2022
"1447","Zizia aurea",3,"WWRPPR2",2022
