scientific_name,midpoint_cc,releveSite,releveyear
Quercus ellipsoidalis,3,LHJL,2015
Ostrya virginiana,15,LHJL,2015
Prunus serotina,0.5,LHJL,2015
Acer negundo,3,LHJL,2015
Rhamnus cathartica,0.5,LHJL,2015
Rhamnus cathartica,15,LHJL,2015
Prunus virginiana,3,LHJL,2015
Ribes cynosbati,0.5,LHJL,2015
Corylus americana,0.5,LHJL,2015
Lonicera tatarica,0.5,LHJL,2015
Sambucus racemosa,0.5,LHJL,2015
Fraxinus pennsylvanica,0.5,LHJL,2015
Rubus allegheniensis s.s.,0.5,LHJL,2015
Rhamnus cathartica,3,LHJL,2015
Cornus racemosa,0.5,LHJL,2015
Acer saccharum,0.5,LHJL,2015
Ribes cynosbati,0.5,LHJL,2015
Prunus virginiana,3,LHJL,2015
Amphicarpaea bracteata,0.5,LHJL,2015
Vitis riparia,0.5,LHJL,2015
Symphyotrichum spp.,0.5,LHJL,2015
Geum aleppicum,3,LHJL,2015
Ranunculus abortivus,0.5,LHJL,2015
Galium aparine,3,LHJL,2015
Thalictrum thalictroides,0.5,LHJL,2015
Maianthemum racemosum,0.5,LHJL,2015
Maianthemum canadense,0.5,LHJL,2015
Desmodium nudiflorum,3,LHJL,2015
Quercus ellipsoidalis,2,LHJL,2016
Acer negundo,15,LHJL,2016
Ostrya virginiana,37.5,LHJL,2016
Prunus serotina,3,LHJL,2016
Rhamnus cathartica,3,LHJL,2016
Corylus americana,3,LHJL,2016
Lonicera tatarica,0.5,LHJL,2016
Prunus virginiana,15,LHJL,2016
Rhamnus cathartica,37.5,LHJL,2016
Ribes cynosbati,3,LHJL,2016
Acer negundo,3,LHJL,2016
Acer saccharum,3,LHJL,2016
Corylus americana,15,LHJL,2016
Fraxinus pennsylvanica,3,LHJL,2016
Lonicera tatarica,0.5,LHJL,2016
Ostrya virginiana,3,LHJL,2016
Prunus virginiana,3,LHJL,2016
Quercus alba,0.5,LHJL,2016
Quercus rubra,3,LHJL,2016
Rhamnus cathartica,62.5,LHJL,2016
Ribes cynosbati,15,LHJL,2016
Rubus spp.,3,LHJL,2016
Sambucus racemosa,3,LHJL,2016
Diervilla lonicera,3,LHJL,2016
Actaea rubra,3,LHJL,2016
Aquilegia canadensis,3,LHJL,2016
Galium triflorum,3,LHJL,2016
Geranium maculatum,3,LHJL,2016
Geum aleppicum,3,LHJL,2016
Maianthemum canadense,15,LHJL,2016
Maianthemum spp.,3,LHJL,2016
Ranunculus abortivus,3,LHJL,2016
Taraxacum officinale,0.5,LHJL,2016
Thalictrum dioicum,3,LHJL,2016
Thalictrum thalictroides,3,LHJL,2016
Unknown,3,LHJL,2016
Solidago canadensis s.s.,3,LHJL,2016
Viola sororia s.l.,3,LHJL,2016
Parthenocissus quinquefolia,3,LHJL,2016
Carex pensylvanica,15,LHJL,2016
Quercus ellipsoidalis,1,LHJL,2017
Acer negundo,3,LHJL,2017
Ostrya virginiana,15,LHJL,2017
Prunus serotina,0.5,LHJL,2017
Corylus americana,0.5,LHJL,2017
Prunus virginiana,3,LHJL,2017
Ribes cynosbati,0.5,LHJL,2017
Acer negundo,0.5,LHJL,2017
Acer saccharum,0.5,LHJL,2017
Corylus americana,3,LHJL,2017
Fraxinus pennsylvanica,0.5,LHJL,2017
Ostrya virginiana,0.5,LHJL,2017
Prunus virginiana,0.5,LHJL,2017
Quercus alba,0.5,LHJL,2017
Quercus rubra,0.5,LHJL,2017
Rhamnus cathartica,37.5,LHJL,2017
Ribes cynosbati,3,LHJL,2017
Rubus spp.,0.5,LHJL,2017
Sambucus racemosa,0.5,LHJL,2017
Actaea rubra,0.5,LHJL,2017
Galium triflorum,0.5,LHJL,2017
Geranium maculatum,0.5,LHJL,2017
Maianthemum canadense,0.5,LHJL,2017
Maianthemum spp.,0.5,LHJL,2017
Ranunculus abortivus,0.5,LHJL,2017
Thalictrum dioicum,0.5,LHJL,2017
Thalictrum thalictroides,0.5,LHJL,2017
Solidago canadensis s.s.,0.5,LHJL,2017
Viola sororia s.l.,0.5,LHJL,2017
Hydrophyllum virginianum,3,LHJL,2017
Circaea lutetiana,0.5,LHJL,2017
Vitis riparia,0.5,LHJL,2017
Solidago flexicaulis,0.5,LHJL,2017
Parthenocissus vitacea,0.5,LHJL,2017
Carex pensylvanica,3,LHJL,2017
Quercus rubra,37.5,LHJL,2018
Ostrya virginiana,37.5,LHJL,2018
Prunus serotina,15,LHJL,2018
Acer negundo,15,LHJL,2018
Rhamnus cathartica,15,LHJL,2018
Lonicera spp.,3,LHJL,2018
Ostrya virginiana,15,LHJL,2018
Ribes cynosbati,3,LHJL,2018
Prunus virginiana,3,LHJL,2018
Prunus serotina,3,LHJL,2018
Quercus rubra,0.5,LHJL,2018
Fraxinus pennsylvanica,3,LHJL,2018
Sambucus racemosa,3,LHJL,2018
Rubus occidentalis,0.5,LHJL,2018
Rhamnus cathartica,15,LHJL,2018
Lonicera spp.,3,LHJL,2018
Ostrya virginiana,15,LHJL,2018
Ribes cynosbati,3,LHJL,2018
Prunus virginiana,3,LHJL,2018
Prunus serotina,3,LHJL,2018
Quercus rubra,0.5,LHJL,2018
Fraxinus pennsylvanica,3,LHJL,2018
Sambucus racemosa,3,LHJL,2018
Rubus occidentalis,0.5,LHJL,2018
Solidago flexicaulis,3,LHJL,2018
Thalictrum dioicum,3,LHJL,2018
Maianthemum canadense,0.5,LHJL,2018
Geranium maculatum,3,LHJL,2018
Geum macrophyllum,3,LHJL,2018
Agrimonia striata,3,LHJL,2018
Uvularia sessilifolia,0.5,LHJL,2018
Galium triflorum,3,LHJL,2018
Geum canadense,0.5,LHJL,2018
Desmodium glutinosum,0.5,LHJL,2018
Ranunculus spp.,0.5,LHJL,2018
Hackelia virginiana,3,LHJL,2018
Quercus alba,3,LHJL,2018
Tilia americana,3,LHJL,2018
Acer platanoides,3,LHJL,2018
Poa pratensis,3,LHJL,2018
Parthenocissus vitacea,0.5,LHJL,2018
Vitis riparia,0.5,LHJL,2018
Populus tremuloides,37.5,LHDL2,2016
Betula papyrifera,0.5,LHDL2,2016
Prunus serotina,0.5,LHDL2,2016
Prunus serotina,3,LHDL2,2016
Ulmus americana,0.5,LHDL2,2016
Acer negundo,3,LHDL2,2016
Fraxinus pennsylvanica,3,LHDL2,2016
Prunus serotina,0.5,LHDL2,2016
Ribes cynosbati,0.5,LHDL2,2016
Frangula alnus,3,LHDL2,2016
Viburnum lentago,3,LHDL2,2016
Populus tremuloides,3,LHDL2,2016
Prunus virginiana,3,LHDL2,2016
Acer negundo,0.5,LHDL2,2016
Zanthoxylum americanum,3,LHDL2,2016
Rhamnus cathartica,87.5,LHDL2,2016
Ulmus americana,0.5,LHDL2,2016
Quercus rubra,0.5,LHDL2,2016
Lonicera tatarica,3,LHDL2,2016
Maianthemum spp.,3,LHDL2,2016
Galium asprellum,15,LHDL2,2016
Hackelia virginiana,3,LHDL2,2016
Circaea lutetiana,3,LHDL2,2016
Impatiens spp.,3,LHDL2,2016
Solidago canadensis s.s.,3,LHDL2,2016
Unknown,3,LHDL2,2016
Fragaria virginiana,3,LHDL2,2016
Trillium spp.,0.5,LHDL2,2016
Pyrola elliptica,3,LHDL2,2016
Desmodium glutinosum,3,LHDL2,2016
Ranunculus spp.,3,LHDL2,2016
Toxicodendron rydbergii,15,LHDL2,2016
Vitis riparia,15,LHDL2,2016
Parthenocissus quinquefolia,87.5,LHDL2,2016
Populus tremuloides,15,LHDL2,2018
Quercus rubra,15,LHDL2,2018
Prunus serotina,3,LHDL2,2018
Ulmus americana,3,LHDL2,2018
Rhamnus cathartica,37.5,LHDL2,2018
Populus tremuloides,15,LHDL2,2018
Frangula alnus,3,LHDL2,2018
Cornus racemosa,0.5,LHDL2,2018
Rhamnus cathartica,87.5,LHDL2,2018
Populus tremuloides,15,LHDL2,2018
Zanthoxylum americanum,3,LHDL2,2018
Frangula alnus,3,LHDL2,2018
Ribes spp.,15,LHDL2,2018
Rubus occidentalis,15,LHDL2,2018
Prunus serotina,15,LHDL2,2018
Acer ginnala,0.5,LHDL2,2018
Rubus pubescens,3,LHDL2,2018
Prunus virginiana,3,LHDL2,2018
Viburnum rafinesquianum,3,LHDL2,2018
Quercus rubra,0.5,LHDL2,2018
Toxicodendron rydbergii,15,LHDL2,2018
Carex vulpinoidea,3,LHDL2,2018
Juncus tenuis,3,LHDL2,2018
Carex tribuloides,0.5,LHDL2,2018
Elymus virginicus,15,LHDL2,2018
Carex blanda,3,LHDL2,2018
Athyrium filix-femina,3,LHDL2,2018
Circaea lutetiana,3,LHDL2,2018
Verbena hastata,0.5,LHDL2,2018
Potentilla norvegica,3,LHDL2,2018
Hackelia virginiana,3,LHDL2,2018
Torilis japonica,3,LHDL2,2018
Erigeron strigosus,3,LHDL2,2018
Cirsium arvense,3,LHDL2,2018
Rudbeckia hirta,3,LHDL2,2018
Desmodium glutinosum,3,LHDL2,2018
Galium asprellum,3,LHDL2,2018
Maianthemum spp.,3,LHDL2,2018
Actaea rubra,3,LHDL2,2018
Solidago canadensis s.s.,3,LHDL2,2018
Impatiens capensis,3,LHDL2,2018
Symphyotrichum spp.,3,LHDL2,2018
Ambrosia artemisiifolia,3,LHDL2,2018
Plantago major,3,LHDL2,2018
Persicaria sagittata,0.5,LHDL2,2018
Rudbeckia laciniata,0.5,LHDL2,2018
Galium triflorum,3,LHDL2,2018
Onoclea sensibilis,3,LHDL2,2018
Sanicula spp.,3,LHDL2,2018
Agastache foeniculum,3,LHDL2,2018
Boehmeria cylindrica,3,LHDL2,2018
Pyrola elliptica,3,LHDL2,2018
Parthenocissus vitacea,3,LHDL2,2018
Vitis riparia,15,LHDL2,2018
Quercus rubra,87.5,LHDL3,2016
Rhamnus cathartica,0.5,LHDL3,2016
Prunus serotina,0.5,LHDL3,2016
Ostrya virginiana,0.5,LHDL3,2016
Rhamnus cathartica,37.5,LHDL3,2016
Acer negundo,3,LHDL3,2016
Ostrya virginiana,15,LHDL3,2016
Prunus serotina,15,LHDL3,2016
Quercus rubra,3,LHDL3,2016
Ribes cynosbati,3,LHDL3,2016
Rubus spp.,3,LHDL3,2016
Ranunculus spp.,15,LHDL3,2016
Alliaria petiolata,3,LHDL3,2016
Arisaema triphyllum,3,LHDL3,2016
Circaea lutetiana,3,LHDL3,2016
Desmodium glutinosum,15,LHDL3,2016
Galium aparine,3,LHDL3,2016
Galium asprellum,3,LHDL3,2016
Geum aleppicum,3,LHDL3,2016
Hackelia virginiana,15,LHDL3,2016
Pyrola elliptica,3,LHDL3,2016
Urtica dioica,0.5,LHDL3,2016
Vitis riparia,15,LHDL3,2016
Parthenocissus quinquefolia,15,LHDL3,2016
Solanum dulcamara,0.5,LHDL3,2016
Quercus rubra,15,LHDL3,2018
Quercus ellipsoidalis,37.5,LHDL3,2018
Quercus alba,15,LHDL3,2018
Prunus serotina,3,LHDL3,2018
Acer negundo,3,LHDL3,2018
Rhamnus cathartica,37.5,LHDL3,2018
Rubus occidentalis,37.5,LHDL3,2018
Viburnum opulus s.l.,3,LHDL3,2018
Ribes cynosbati,3,LHDL3,2018
Prunus serotina,3,LHDL3,2018
Prunus virginiana,3,LHDL3,2018
Rubus allegheniensis s.s.,3,LHDL3,2018
Zanthoxylum americanum,3,LHDL3,2018
Corylus americana,3,LHDL3,2018
Fraxinus pennsylvanica,3,LHDL3,2018
Quercus rubra,3,LHDL3,2018
Acer ginnala,0.5,LHDL3,2018
Quercus alba,3,LHDL3,2018
Sambucus racemosa,0.5,LHDL3,2018
Euonymus alatus,0.5,LHDL3,2018
Acer negundo,0.5,LHDL3,2018
Acer platanoides,0.5,LHDL3,2018
Lonicera tatarica,3,LHDL3,2018
Frangula alnus,3,LHDL3,2018
Unknown,0.5,LHDL3,2018
Desmodium glutinosum,3,LHDL3,2018
Pilea pumila,3,LHDL3,2018
Urtica dioica,3,LHDL3,2018
Alliaria petiolata,3,LHDL3,2018
Circaea lutetiana,3,LHDL3,2018
Geum macrophyllum,3,LHDL3,2018
Amphicarpaea bracteata,3,LHDL3,2018
Galium triflorum,3,LHDL3,2018
Ageratina altissima,3,LHDL3,2018
Actaea pachypoda,0.5,LHDL3,2018
Leonurus cardiaca,0.5,LHDL3,2018
Hackelia virginiana,3,LHDL3,2018
Solanum dulcamara,0.5,LHDL3,2018
Aralia nudicaulis,3,LHDL3,2018
Chenopodium album s.s.,3,LHDL3,2018
Vitis riparia,3,LHDL3,2018
Parthenocissus vitacea,3,LHDL3,2018
Populus tremuloides,0.5,LHDL4,2016
Quercus rubra,87.5,LHDL4,2016
Quercus rubra,37.5,LHDL4,2016
Ulmus americana,15,LHDL4,2016
Acer negundo,15,LHDL4,2016
Prunus serotina,3,LHDL4,2016
Acer negundo,15,LHDL4,2016
Ostrya virginiana,15,LHDL4,2016
Quercus rubra,3,LHDL4,2016
Rhamnus cathartica,15,LHDL4,2016
Ribes cynosbati,15,LHDL4,2016
Rubus spp.,3,LHDL4,2016
Unknown,0.5,LHDL4,2016
Galium aparine,3,LHDL4,2016
Arisaema triphyllum,3,LHDL4,2016
Circaea lutetiana,15,LHDL4,2016
Desmodium glutinosum,15,LHDL4,2016
Hackelia virginiana,3,LHDL4,2016
Maianthemum trifolium,3,LHDL4,2016
Pyrola elliptica,3,LHDL4,2016
Thalictrum dioicum,0.5,LHDL4,2016
Viola spp.,3,LHDL4,2016
Vitis riparia,3,LHDL4,2016
Parthenocissus quinquefolia,15,LHDL4,2016
Quercus alba,37.5,LHDL4,2018
Ostrya virginiana,3,LHDL4,2018
Ulmus americana,15,LHDL4,2018
Quercus ellipsoidalis,37.5,LHDL4,2018
Acer negundo,15,LHDL4,2018
Rubus occidentalis,15,LHDL4,2018
Prunus serotina,15,LHDL4,2018
Prunus virginiana,3,LHDL4,2018
Rhamnus cathartica,15,LHDL4,2018
Ribes cynosbati,3,LHDL4,2018
Corylus americana,3,LHDL4,2018
Viburnum opulus s.l.,3,LHDL4,2018
Ulmus pumila,3,LHDL4,2018
Fraxinus pennsylvanica,3,LHDL4,2018
Acer ginnala,3,LHDL4,2018
Parthenocissus vitacea,3,LHDL4,2018
Vitis riparia,3,LHDL4,2018
Carex pensylvanica,3,LHDL4,2018
Elymus virginicus,3,LHDL4,2018
Onoclea sensibilis,3,LHDL4,2018
Pilea pumila,3,LHDL4,2018
Desmodium glutinosum,3,LHDL4,2018
Leonurus cardiaca,3,LHDL4,2018
Torilis japonica,3,LHDL4,2018
Amphicarpaea bracteata,3,LHDL4,2018
Geum canadense,3,LHDL4,2018
Ageratina altissima,3,LHDL4,2018
Galium triflorum,3,LHDL4,2018
Geranium maculatum,3,LHDL4,2018
Symphyotrichum lateriflorum,3,LHDL4,2018
Laportea canadensis,3,LHDL4,2018
Maianthemum canadense,0.5,LHDL4,2018
Viola spp.,0.5,LHDL4,2018
Circaea lutetiana,3,LHDL4,2018
Alliaria petiolata,3,LHDL4,2018
Hackelia virginiana,3,LHDL4,2018
Verbena urticifolia,0.5,LHDL4,2018
Rhus glabra,3,LHPP1,2017
Juniperus virginiana var. virginiana,3,LHPP1,2017
Fraxinus pennsylvanica,0.5,LHPP1,2017
Acer negundo,0.5,LHPP1,2017
Quercus rubra,3,LHPP1,2017
Rhus glabra,0.5,LHPP1,2017
Cornus racemosa,3,LHPP1,2017
Solidago canadensis s.s.,3,LHPP1,2017
Monarda fistulosa,3,LHPP1,2017
Erigeron strigosus,3,LHPP1,2017
Achillea millefolium,3,LHPP1,2017
Ambrosia artemisiifolia,15,LHPP1,2017
Crotalaria sagittalis,15,LHPP1,2017
Rumex acetosella,15,LHPP1,2017
Schizachyrium scoparium,62.5,LHPP1,2017
Bromus spp.,3,LHPP1,2017
Setaria pumila,15,LHPP1,2017
Eragrostis spectabilis,15,LHPP1,2017
Rhus glabra,3,LHPP1,2018
Quercus rubra,3,LHPP1,2018
Rubus occidentalis,3,LHPP1,2018
Fraxinus pennsylvanica,3,LHPP1,2018
Prunus serotina,3,LHPP1,2018
Rhamnus cathartica,3,LHPP1,2018
Lonicera tatarica,0.5,LHPP1,2018
Populus tremuloides,3,LHPP1,2018
Frangula alnus,0.5,LHPP1,2018
Acer ginnala,3,LHPP1,2018
Ulmus pumila,3,LHPP1,2018
Zanthoxylum americanum,3,LHPP1,2018
Schizachyrium scoparium,15,LHPP1,2018
Eriochloa villosa,3,LHPP1,2018
Elymus repens,3,LHPP1,2018
Setaria pumila,3,LHPP1,2018
Dichanthelium oligosanthes,3,LHPP1,2018
Agrostis scabra,3,LHPP1,2018
Eragrostis spectabilis,3,LHPP1,2018
Crotalaria sagittalis,15,LHPP1,2018
Rumex acetosella,3,LHPP1,2018
Lespedeza capitata,3,LHPP1,2018
Monarda fistulosa,15,LHPP1,2018
Ambrosia artemisiifolia,15,LHPP1,2018
Solidago canadensis s.s.,15,LHPP1,2018
Solidago gigantea,15,LHPP1,2018
Silene latifolia,3,LHPP1,2018
Desmodium glutinosum,3,LHPP1,2018
Anaphalis margaritacea,3,LHPP1,2018
Asclepias verticillata,3,LHPP1,2018
Achillea millefolium,3,LHPP1,2018
Asclepias syriaca,3,LHPP1,2018
Fragaria virginiana,3,LHPP1,2018
Verbascum thapsus,3,LHPP1,2018
Persicaria minor,0.5,LHPP1,2018
Lactuca canadensis,3,LHPP1,2018
Taraxacum officinale,3,LHPP1,2018
Tragopogon dubius,0.5,LHPP1,2018
Vitis riparia,3,LHPP1,2018
Quercus ellipsoidalis,37.5,LHPP2,2017
Prunus serotina,3,LHPP2,2017
Quercus ellipsoidalis,3,LHPP2,2017
Rhus glabra,15,LHPP2,2017
Juniperus virginiana var. virginiana,0.5,LHPP2,2017
lonicera spp.,0.5,LHPP2,2017
Rubus spp.,0.5,LHPP2,2017
acer negundo,0.5,LHPP2,2017
Ulmus pumila,0.5,LHPP2,2017
Fraxinus pennsylvanica,0.5,LHPP2,2017
Zanthoxylum americanum,0.5,LHPP2,2017
lonicera spp.,0.5,LHPP2,2017
Quercus ellipsoidalis,3,LHPP2,2017
Solidago canadensis s.s.,15,LHPP2,2017
Monarda fistulosa,3,LHPP2,2017
Antennaria spp.,0.5,LHPP2,2017
Achillea millefolium,3,LHPP2,2017
Lespedeza capitata,3,LHPP2,2017
Crotalaria sagittalis,15,LHPP2,2017
Fragaria virginiana,3,LHPP2,2017
Liparis liliifolia,3,LHPP2,2017
Potentilla spp.,0.5,LHPP2,2017
taraxacum officinale,0.5,LHPP2,2017
plantago major,0.5,LHPP2,2017
Asclepias verticillata,0.5,LHPP2,2017
Asclepias tuberosa,0.5,LHPP2,2017
Phryma leptostachya,0.5,LHPP2,2017
Geum spp.,0.5,LHPP2,2017
Silene latifolia,0.5,LHPP2,2017
Linaria vulgaris,0.5,LHPP2,2017
Desmodium spp.,0.5,LHPP2,2017
Eragrostis spectabilis,3,LHPP2,2017
Ribes cynosbati,0.5,LHPP2,2018
Rhus glabra,3,LHPP2,2018
Prunus serotina,0.5,LHPP2,2018
Quercus alba,3,LHPP2,2018
Quercus rubra,3,LHPP2,2018
Lonicera spp.,0.5,LHPP2,2018
Ulmus pumila,0.5,LHPP2,2018
Acer ginnala,0.5,LHPP2,2018
Rubus occidentalis,3,LHPP2,2018
Rubus allegheniensis s.s.,3,LHPP2,2018
Abies balsamea,0.5,LHPP2,2018
Taraxacum officinale,3,LHPP2,2018
Ambrosia artemisiifolia,37.5,LHPP2,2018
Solidago gigantea,3,LHPP2,2018
Asclepias incarnata,3,LHPP2,2018
Linaria vulgaris,15,LHPP2,2018
Lespedeza capitata,3,LHPP2,2018
Crotalaria sagittalis,15,LHPP2,2018
Desmodium glutinosum,3,LHPP2,2018
Cirsium discolor,3,LHPP2,2018
Monarda fistulosa,3,LHPP2,2018
Anaphalis margaritacea,3,LHPP2,2018
Rumex acetosella,3,LHPP2,2018
Achillea millefolium,3,LHPP2,2018
Fragaria virginiana,3,LHPP2,2018
Ageratina altissima,3,LHPP2,2018
Solidago canadensis s.s.,3,LHPP2,2018
Solidago speciosa,3,LHPP2,2018
Verbascum thapsus,3,LHPP2,2018
Botrychium oneidense,3,LHPP2,2018
Symphyotrichum ericoides,3,LHPP2,2018
Erigeron strigosus,3,LHPP2,2018
Lactuca serriola,3,LHPP2,2018
Conyza canadensis,3,LHPP2,2018
Galium aparine,3,LHPP2,2018
Ranunculus spp.,3,LHPP2,2018
Andropogon gerardii,37.5,LHPP2,2018
Eragrostis spectabilis,3,LHPP2,2018
Eriochloa villosa,3,LHPP2,2018
Parthenocissus vitacea,3,LHPP2,2018
Vitis riparia,3,LHPP2,2018
Rubus pubescens,15,LHPR1,2016
Rhus glabra,3,LHPR1,2016
Rhamnus cathartica,0.5,LHPR1,2016
Rubus idaeus,15,LHPR1,2016
Solidago speciosa,37.5,LHPR1,2016
Rudbeckia triloba,15,LHPR1,2016
Achillea millefolium,3,LHPR1,2016
Monarda fistulosa,3,LHPR1,2016
Cirsium discolor,3,LHPR1,2016
Erigeron annuus,3,LHPR1,2016
Lespedeza capitata,3,LHPR1,2016
Potentilla simplex,3,LHPR1,2016
Rumex acetosella,0.5,LHPR1,2016
Desmodium canadense,3,LHPR1,2016
Symphyotrichum spp.,3,LHPR1,2016
Andropogon gerardii,15,LHPR1,2016
Rhamnus cathartica,0.5,LHPR1,2017
Rhus glabra,0.5,LHPR1,2017
Rubus spp.,0.5,LHPR1,2017
Solidago speciosa,15,LHPR1,2017
Rudbeckia hirta,3,LHPR1,2017
Achillea millefolium,0.5,LHPR1,2017
Monarda fistulosa,0.5,LHPR1,2017
Cirsium discolor,0.5,LHPR1,2017
Erigeron strigosus,0.5,LHPR1,2017
Lespedeza capitata,0.5,LHPR1,2017
Potentilla simplex,0.5,LHPR1,2017
Rumex acetosa,0.5,LHPR1,2017
Desmodium glutinosum,0.5,LHPR1,2017
Taraxacum officinale,0.5,LHPR1,2017
Potentilla recta,0.5,LHPR1,2017
Andropogon gerardii,3,LHPR1,2017
Ulmus americana,3,LHRB,2016
Quercus rubra,3,LHRB,2016
Rhus glabra,3,LHRB,2016
Rhamnus cathartica,3,LHRB,2016
Rubus idaeus,3,LHRB,2016
Prunus virginiana,3,LHRB,2016
Schizachyrium scoparium,15,LHRB,2016
Bromus inermis,37.5,LHRB,2016
Poa pratensis,3,LHRB,2016
Eragrostis spectabilis,15,LHRB,2016
Lespedeza capitata,3,LHRB,2016
Asclepias syriaca,3,LHRB,2016
Ambrosia artemisiifolia,3,LHRB,2016
Crotalaria sagittalis,3,LHRB,2016
Conyza canadensis,3,LHRB,2016
Physalis virginiana,3,LHRB,2016
Achillea millefolium,3,LHRB,2016
Rumex acetosella,15,LHRB,2016
Parthenocissus quinquefolia,15,LHRB,2016
Vitis riparia,3,LHRB,2016
Quercus ellipsoidalis,3,LHRB,2017
Rubus idaeus,0.5,LHRB,2017
Juniperus virginiana,3,LHRB,2017
Prunus virginiana,3,LHRB,2017
Rhus glabra,3,LHRB,2017
Rhamnus cathartica,3,LHRB,2017
Lonicera spp.,0.5,LHRB,2017
Cornus sericea,0.5,LHRB,2017
Parthenocissus quinquefolia,3,LHRB,2017
Linaria vulgaris,3,LHRB,2017
Achillea millefolium,3,LHRB,2017
Lespedeza leptostachya,3,LHRB,2017
Asclepias ovalifolia,0.5,LHRB,2017
Crotalaria sagittalis,0.5,LHRB,2017
Myosoton aquaticum,0.5,LHRB,2017
Rumex acetosa,0.5,LHRB,2017
Asclepias verticillata,0.5,LHRB,2017
Schizachyrium scoparium,37.5,LHRB,2017
Eragrostis spectabilis,15,LHRB,2017
Poa pratensis,3,LHRB,2017
Amorpha canescens,3,MRPR1a,2016
Asclepias verticillata,3,MRPR1a,2016
Campanula rotundifolia,3,MRPR1a,2016
Dalea purpurea,3,MRPR1a,2016
Lactuca serriola,3,MRPR1a,2016
Potentilla arguta,3,MRPR1a,2016
Solidago nemoralis,3,MRPR1a,2016
Symphyotrichum oolentangiense,3,MRPR1a,2016
Symphyotrichum sericeum,0.5,MRPR1a,2016
Toxicodendron rydbergii,3,MRPR1a,2016
Verbena stricta,3,MRPR1a,2016
Viola palmata,3,MRPR1a,2016
Rhamnus cathartica,3,MRPR1a,2016
Populus tremuloides,3,MRPR1a,2016
Lonicera tatarica,0.5,MRPR1a,2016
Rubus spp.,0.5,MRPR1a,2016
Andropogon gerardii,87.5,MRPR1a,2016
Bouteloua curtipendula,3,MRPR1a,2016
Dichanthelium oligosanthes,3,MRPR1a,2016
Muhlenbergia richardsonis,15,MRPR1a,2016
Poa pratensis,15,MRPR1a,2016
Schizachyrium scoparium,15,MRPR1a,2016
Sorghastrum nutans,15,MRPR1a,2016
Sporobolus heterolepis,15,MRPR1a,2016
Rhamnus cathartica,3,MRPR1b,2016
Populus tremuloides,3,MRPR1b,2016
Lonicera tatarica,0.5,MRPR1b,2016
Rubus spp.,0.5,MRPR1b,2016
Amorpha canescens,3,MRPR1b,2016
Asclepias verticillata,3,MRPR1b,2016
Campanula rotundifolia,3,MRPR1b,2016
Dalea purpurea,3,MRPR1b,2016
Lactuca serriola,3,MRPR1b,2016
Potentilla arguta,3,MRPR1b,2016
Solidago nemoralis,3,MRPR1b,2016
Symphyotrichum oolentangiense,3,MRPR1b,2016
Symphyotrichum sericeum,0.5,MRPR1b,2016
Toxicodendron rydbergii,3,MRPR1b,2016
Verbena stricta,3,MRPR1b,2016
Viola palmata,3,MRPR1b,2016
Andropogon gerardii,87.5,MRPR1b,2016
Bouteloua curtipendula,3,MRPR1b,2016
Dichanthelium oligosanthes ssp. scribnerianum,3,MRPR1b,2016
Muhlenbergia richardsonis,15,MRPR1b,2016
Poa pratensis,15,MRPR1b,2016
Schizachyrium scoparium,15,MRPR1b,2016
Sorghastrum nutans,15,MRPR1b,2016
Sporobolus heterolepis,15,MRPR1b,2016
Amorpha canescens,0.5,MRPR1,2018
Ulmus pumila,0.5,MRPR1,2018
Juniperus virginiana,3,MRPR1,2018
Zanthoxylum americanum,3,MRPR1,2018
Rhamnus cathartica,0.5,MRPR1,2018
Quercus macrocarpa,3,MRPR1,2018
Populus tremuloides,3,MRPR1,2018
Toxicodendron rydbergii,3,MRPR1,2018
Asclepias verticillata,3,MRPR1,2018
Asclepias viridiflora,3,MRPR1,2018
Viola palmata,3,MRPR1,2018
Monarda fistulosa,3,MRPR1,2018
Verbena stricta,3,MRPR1,2018
Antennaria neglecta s.s.,3,MRPR1,2018
Dalea purpurea,3,MRPR1,2018
Solidago nemoralis,0.5,MRPR1,2018
Oxalis stricta,0.5,MRPR1,2018
Cirsium discolor,3,MRPR1,2018
Symphyotrichum sericeum,3,MRPR1,2018
Symphyotrichum oolentangiense,3,MRPR1,2018
Campanula rotundifolia,3,MRPR1,2018
Linum sulcatum,3,MRPR1,2018
Andropogon gerardii,37.5,MRPR1,2018
Sorghastrum nutans,37.5,MRPR1,2018
Bouteloua curtipendula,15,MRPR1,2018
Poa pratensis,37.5,MRPR1,2018
Unknown,15,MRPR1,2018
Dichanthelium oligosanthes,3,MRPR1,2018
Muhlenbergia richardsonis,37.5,MRPR1,2018
Schizachyrium scoparium,3,MRPR1,2018
Panicum virgatum,3,MRPR1,2018
Parthenocissus vitacea,3,MRPR1,2018
Vitis riparia,0.5,MRPR1,2018
Celtis occidentalis,15,MRPR2,2016
Quercus macrocarpa,15,MRPR2,2016
Betula papyrifera,3,MRPR2,2016
Acer saccharum,0.5,MRPR2,2016
Ostrya virginiana,15,MRPR2,2016
Quercus macrocarpa,3,MRPR2,2016
Quercus rubra,0.5,MRPR2,2016
Rhamnus cathartica,15,MRPR2,2016
Ulmus americana,15,MRPR2,2016
Rhamnus cathartica,87.5,MRPR2,2016
Fraxinus nigra,3,MRPR2,2016
Zanthoxylum americanum,37.5,MRPR2,2016
Ostrya virginiana,15,MRPR2,2016
Ribes cynosbati,15,MRPR2,2016
Rhamnus cathartica,37.5,MRPR2,2016
Ostrya virginiana,3,MRPR2,2016
Quercus rubra,0.5,MRPR2,2016
Rubus idaeus,3,MRPR2,2016
Ulmus americana,0.5,MRPR2,2016
Zanthoxylum americanum,15,MRPR2,2016
Juniperus virginiana,0.5,MRPR2,2016
Arctium minus,3,MRPR2,2016
Asclepias syriaca,0.5,MRPR2,2016
Circaea lutetiana,3,MRPR2,2016
Galium asprellum,3,MRPR2,2016
Geranium maculatum,3,MRPR2,2016
Geum aleppicum,0.5,MRPR2,2016
Hydrophyllum virginianum,0.5,MRPR2,2016
Maianthemum trifolium,3,MRPR2,2016
Taraxacum officinale,0.5,MRPR2,2016
Carex pensylvanica,3,MRPR2,2016
Carex blanda,0.5,MRPR2,2016
Vitis riparia,15,MRPR2,2016
Parthenocissus quinquefolia,3,MRPR2,2016
Vitis riparia,3,MRPR2,2016
Celtis occidentalis,3,MRPR2,2017
Quercus macrocarpa,3,MRPR2,2017
Betula papyrifera,0.5,MRPR2,2017
Acer saccharum,0.5,MRPR2,2017
Ostrya virginiana,3,MRPR2,2017
Quercus rubra,0.5,MRPR2,2017
Ulmus americana,3,MRPR2,2017
Rhamnus cathartica,37.5,MRPR2,2017
Fraxinus nigra,0.5,MRPR2,2017
Zanthoxylum americanum,15,MRPR2,2017
Ribes cynosbati,3,MRPR2,2017
Rubus idaeus,0.5,MRPR2,2017
Arctium minus,0.5,MRPR2,2017
Asclepias syriaca,0.5,MRPR2,2017
Circaea lutetiana var. canadensis,0.5,MRPR2,2017
Galium asprellum,0.5,MRPR2,2017
Geranium maculatum,0.5,MRPR2,2017
Geum aleppicum,0.5,MRPR2,2017
Hydrophyllum virginianum,0.5,MRPR2,2017
Maianthemum trifolium,0.5,MRPR2,2017
Taraxacum officinale,0.5,MRPR2,2017
Juniperus virginiana,0.5,MRPR2,2017
Carex pensylvanica,0.5,MRPR2,2017
Carex blanda,0.5,MRPR2,2017
Vitis riparia,3,MRPR2,2017
Parthenocissus quinquefolia,0.5,MRPR2,2017
Prunus serotina,15,MRPR2,2018
Quercus rubra,15,MRPR2,2018
Quercus macrocarpa,3,MRPR2,2018
Ostrya virginiana,15,MRPR2,2018
Quercus alba,0.5,MRPR2,2018
Celtis occidentalis,0.5,MRPR2,2018
Tilia americana,0.5,MRPR2,2018
Ulmus americana,0.5,MRPR2,2018
Rhamnus cathartica,37.5,MRPR2,2018
Ostrya virginiana,3,MRPR2,2018
Prunus serotina,3,MRPR2,2018
Ribes spp.,3,MRPR2,2018
Rubus occidentalis,3,MRPR2,2018
Zanthoxylum americanum,3,MRPR2,2018
Ulmus americana,3,MRPR2,2018
Parthenocissus vitacea,3,MRPR2,2018
Vitis riparia,3,MRPR2,2018
Smilax spp.,3,MRPR2,2018
Digitaria spp.,3,MRPR2,2018
Carex spp.,3,MRPR2,2018
Elymus virginicus,3,MRPR2,2018
Circaea lutetiana,3,MRPR2,2018
Geum spp.,3,MRPR2,2018
Galium triflorum,3,MRPR2,2018
Teucrium canadense,3,MRPR2,2018
Hackelia virginiana,3,MRPR2,2018
Verbascum thapsus,3,MRPR2,2018
Acer negundo,3,MRPR3,2016
Celtis occidentalis,15,MRPR3,2016
Populus deltoides,15,MRPR3,2016
Ulmus americana,15,MRPR3,2016
Juniperus virginiana,15,MRPR3,2016
Lonicera tatarica,15,MRPR3,2016
Quercus macrocarpa,15,MRPR3,2016
Rhamnus cathartica,37.5,MRPR3,2016
Zanthoxylum americanum,62.5,MRPR3,2016
Rhamnus cathartica,15,MRPR3,2016
Ribes cynosbati,15,MRPR3,2016
Acer negundo,3,MRPR3,2016
Rubus idaeus,3,MRPR3,2016
Zanthoxylum americanum,15,MRPR3,2016
Ageratina altissima,15,MRPR3,2016
Leonurus cardiaca,15,MRPR3,2016
Arctium minus,3,MRPR3,2016
Athyrium Filix-femina,3,MRPR3,2016
Circaea lutetiana,3,MRPR3,2016
Erigeron annuus,3,MRPR3,2016
Galium triflorum,3,MRPR3,2016
Hackelia virginiana,3,MRPR3,2016
Hydrophyllum virginianum,3,MRPR3,2016
Maianthemum canadense,3,MRPR3,2016
Osmorhiza claytonii,3,MRPR3,2016
Pilea pumila,3,MRPR3,2016
Ranunculus abortivus,3,MRPR3,2016
Solidago canadensis s.s.,3,MRPR3,2016
Symphyotrichum cordifolium,3,MRPR3,2016
Symphyotrichum urophyllum,3,MRPR3,2016
Urtica dioica,3,MRPR3,2016
Verbascum thapsus,3,MRPR3,2016
Viola pubescens,3,MRPR3,2016
Vitis riparia,15,MRPR3,2016
Parthenocissus quinquefolia,3,MRPR3,2016
Carex blanda,3,MRPR3,2016
Elymus canadensis,3,MRPR3,2016
Elymus virginicus,3,MRPR3,2016
Ulmus americana,15,MRPR3,2018
Quercus alba,15,MRPR3,2018
Quercus rubra,15,MRPR3,2018
Populus tremuloides,3,MRPR3,2018
Populus deltoides,15,MRPR3,2018
Quercus macrocarpa,15,MRPR3,2018
Juniperus virginiana,15,MRPR3,2018
Zanthoxylum americanum,37.5,MRPR3,2018
Lonicera tatarica,15,MRPR3,2018
Rhamnus cathartica,15,MRPR3,2018
Ribes cynosbati,3,MRPR3,2018
Quercus rubra,3,MRPR3,2018
Rubus occidentalis,3,MRPR3,2018
Parthenocissus vitacea,3,MRPR3,2018
Vitis riparia,3,MRPR3,2018
Circaea lutetiana,3,MRPR3,2018
Ageratina altissima,3,MRPR3,2018
Solidago canadensis s.s.,3,MRPR3,2018
Galium triflorum,3,MRPR3,2018
Fragaria vesca,3,MRPR3,2018
Sanicula canadensis,3,MRPR3,2018
Osmorhiza longistylis,3,MRPR3,2018
Leonurus cardiaca,3,MRPR3,2018
Verbascum thapsus,3,MRPR3,2018
Myosoton aquaticum,3,MRPR3,2018
Hackelia virginiana,3,MRPR3,2018
Taraxacum officinale,0.5,MRPR3,2018
Hesperis matronalis,3,MRPR3,2018
Viola spp.,3,MRPR3,2018
Leersia oryzoides,3,MRPR3,2018
Poa pratensis,3,MRPR3,2018
Juniperus virginiana var. virginiana,37.5,MRPB,2017
Rhamnus cathartica,15,MRPB,2017
Zanthoxylum americanum,0.5,MRPB,2017
Lonicera spp.,0.5,MRPB,2017
Taraxacum officinale,0.5,MRPB,2017
Monarda fistulosa,3,MRPB,2017
Viola palmata var. pedatifida,0.5,MRPB,2017
Antennaria spp.,3,MRPB,2017
Solidago nemoralis,3,MRPB,2017
oxalis stricta,0.5,MRPB,2017
Viola pedata,0.5,MRPB,2017
Symphyotrichum oolentangiense,0.5,MRPB,2017
Symphyotrichum spp.,0.5,MRPB,2017
Scutellaria leonardii,0.5,MRPB,2017
Anemone cylindrica,0.5,MRPB,2017
Rubus spp.,0.5,MRPB,2017
Galium spp.,0.5,MRPB,2017
Asclepias verticillata,0.5,MRPB,2017
Symphyotrichum sericeum,0.5,MRPB,2017
Erigeron strigosus,0.5,MRPB,2017
Panicum spp.,0.5,MRPB,2017
Bouteloua curtipendula var. curtipendula,15,MRPB,2017
Schizachyrium scoparium,0.5,MRPB,2017
Sorghastrum nutans,15,MRPB,2017
Bouteloua hirsuta,0.5,MRPB,2017
vitis riparia,0.5,MRPB,2017
Rhamnus cathartica,3,MRPB,2018
Lonicera spp.,3,MRPB,2018
Zanthoxylum americanum,3,MRPB,2018
Rubus occidentalis,3,MRPB,2018
Vitis riparia,3,MRPB,2018
Andropogon gerardii,37.5,MRPB,2018
Elymus canadensis,3,MRPB,2018
Bouteloua curtipendula,15,MRPB,2018
Schizachyrium scoparium,3,MRPB,2018
Sorghastrum nutans,3,MRPB,2018
Unknown,3,MRPB,2018
Muhlenbergia richardsonis,15,MRPB,2018
Dichanthelium spp.,0.5,MRPB,2018
Digitaria cognata,0.5,MRPB,2018
Poa pratensis,3,MRPB,2018
Solidago nemoralis,3,MRPB,2018
Viola pedata,3,MRPB,2018
Asclepias verticillata,3,MRPB,2018
Asclepias syriaca,3,MRPB,2018
Hackelia virginiana,3,MRPB,2018
Ageratina altissima,3,MRPB,2018
Monarda fistulosa,3,MRPB,2018
Antennaria neglecta s.s.,3,MRPB,2018
Linum sulcatum,3,MRPB,2018
Taraxacum officinale,3,MRPB,2018
Erigeron strigosus,3,MRPB,2018
Verbascum thapsus,3,MRPB,2018
Trifolium hybridum,0.5,MRPB,2018
Galium triflorum,3,MRPB,2018
Rumex spp.,0.5,MRPB,2018
Plantago major,0.5,MRPB,2018
Rudbeckia hirta,0.5,MRPB,2018
Leonurus cardiaca,0.5,MRPB,2018
Physalis virginiana,0.5,MRPB,2018
Conyza canadensis,3,MRPB,2018
Scutellaria leonardii,3,MRPB,2018
Acer negundo,37.5,SLPR1,2016
Tilia americana,87.5,SLPR1,2016
Ulmus americana,15,SLPR1,2016
Celtis occidentalis,15,SLPR1,2016
Celtis occidentalis,37.5,SLPR1,2016
Tilia americana,3,SLPR1,2016
Acer negundo,3,SLPR1,2016
Celtis occidentalis,3,SLPR1,2016
Juglans nigra,3,SLPR1,2016
Lonicera tatarica,3,SLPR1,2016
Prunus virginiana,3,SLPR1,2016
Rhamnus cathartica,3,SLPR1,2016
Ribes cynosbati,37.5,SLPR1,2016
Sambucus canadensis,3,SLPR1,2016
Tilia americana,3,SLPR1,2016
Menispermum canadense,0.5,SLPR1,2016
Smilax herbacea,0.5,SLPR1,2016
Actaea rubra,3,SLPR1,2016
Arctium minus,3,SLPR1,2016
Arisaema triphyllum,3,SLPR1,2016
Caulophyllum thalictroides,3,SLPR1,2016
Circaea lutetiana,3,SLPR1,2016
Cryptotaenia canadensis,3,SLPR1,2016
Galium aparine,15,SLPR1,2016
Galium triflorum,3,SLPR1,2016
Geum aleppicum,3,SLPR1,2016
Helianthus annuus,3,SLPR1,2016
Hydrophyllum virginianum,37.5,SLPR1,2016
Impatiens spp.,15,SLPR1,2016
Leonurus cardiaca,3,SLPR1,2016
Maianthemum racemosum,3,SLPR1,2016
Maianthemum trifolium,3,SLPR1,2016
Osmorhiza claytonii,3,SLPR1,2016
Parthenocissus quinquefolia,3,SLPR1,2016
Polygonatum biflorum,3,SLPR1,2016
Ranunculus abortivus,3,SLPR1,2016
Sanguinaria canadensis,3,SLPR1,2016
Thalictrum dioicum,3,SLPR1,2016
Trillium cernuum,3,SLPR1,2016
Unknown,3,SLPR1,2016
Urtica dioica,0.5,SLPR1,2016
Viola pubescens,3,SLPR1,2016
Acer negundo,37.5,SLPR1,2018
Fraxinus pennsylvanica,3,SLPR1,2018
Ulmus americana,0.5,SLPR1,2018
Celtis occidentalis,0.5,SLPR1,2018
Celtis occidentalis,3,SLPR1,2018
Fraxinus nigra,3,SLPR1,2018
Ribes spp.,3,SLPR1,2018
Fraxinus pennsylvanica,3,SLPR1,2018
Celtis occidentalis,3,SLPR1,2018
Unknown,0.5,SLPR1,2018
Lonicera tatarica,3,SLPR1,2018
Cornus racemosa,3,SLPR1,2018
Sambucus racemosa,0.5,SLPR1,2018
Tilia americana,0.5,SLPR1,2018
Acer negundo,3,SLPR1,2018
Ulmus americana,0.5,SLPR1,2018
Prunus virginiana,0.5,SLPR1,2018
Rhamnus cathartica,3,SLPR1,2018
Sanguinaria canadensis,3,SLPR1,2018
Caulophyllum thalictroides,3,SLPR1,2018
Arisaema triphyllum,3,SLPR1,2018
Viola pubescens,3,SLPR1,2018
Circaea lutetiana,3,SLPR1,2018
Laportea canadensis,3,SLPR1,2018
Galium triflorum,3,SLPR1,2018
Galium aparine,3,SLPR1,2018
Geum macrophyllum,3,SLPR1,2018
Impatiens capensis,3,SLPR1,2018
Helianthus spp.,3,SLPR1,2018
Maianthemum racemosum,3,SLPR1,2018
Dryopteris carthusiana,3,SLPR1,2018
Trillium cernuum,3,SLPR1,2018
Parthenocissus vitacea,15,SLPR1,2018
Vitis riparia,3,SLPR1,2018
Celtis occidentalis,15,SLPR2,2016
Fraxinus pennsylvanica,37.5,SLPR2,2016
Quercus macrocarpa,37.5,SLPR2,2016
Celtis occidentalis,15,SLPR2,2016
Fraxinus pennsylvanica,15,SLPR2,2016
Prunus serotina,15,SLPR2,2016
Ulmus americana,37.5,SLPR2,2016
Lonicera tatarica,15,SLPR2,2016
Prunus serotina,3,SLPR2,2016
Quercus macrocarpa,0.5,SLPR2,2016
Quercus rubra,0.5,SLPR2,2016
Rhamnus cathartica,15,SLPR2,2016
Ribes cynosbati,37.5,SLPR2,2016
Zanthoxylum americanum,3,SLPR2,2016
Actaea rubra,3,SLPR2,2016
Galium aparine,15,SLPR2,2016
Galium triflorum,3,SLPR2,2016
Geum aleppicum,3,SLPR2,2016
Leonurus cardiaca,3,SLPR2,2016
Hackelia virginiana,3,SLPR2,2016
Osmorhiza claytonii,3,SLPR2,2016
Ranunculus abortivus,3,SLPR2,2016
Sanguinaria canadensis,3,SLPR2,2016
Trillium spp.,3,SLPR2,2016
Unknown,3,SLPR2,2016
Viola spp.,3,SLPR2,2016
Parthenocissus quinquefolia,15,SLPR2,2016
Vitis riparia,15,SLPR2,2016
Smilax ecirrhata,3,SLPR2,2016
Carex rosea,3,SLPR2,2016
Quercus macrocarpa,37.5,SLPR2,2018
Fraxinus pennsylvanica,15,SLPR2,2018
Acer negundo,3,SLPR2,2018
Celtis occidentalis,0.5,SLPR2,2018
Prunus serotina,0.5,SLPR2,2018
Zanthoxylum americanum,3,SLPR2,2018
Prunus virginiana,3,SLPR2,2018
Rhamnus cathartica,3,SLPR2,2018
Sambucus canadensis,15,SLPR2,2018
Quercus macrocarpa,3,SLPR2,2018
Ribes cynosbati,3,SLPR2,2018
Carex rosea,3,SLPR2,2018
Carex sprengelii,0.5,SLPR2,2018
Leersia virginica,3,SLPR2,2018
Boehmeria cylindrica,15,SLPR2,2018
Circaea lutetiana,3,SLPR2,2018
Galium aparine,15,SLPR2,2018
Alliaria petiolata,3,SLPR2,2018
Impatiens capensis,3,SLPR2,2018
Leonurus cardiaca,3,SLPR2,2018
Arisaema triphyllum,3,SLPR2,2018
Sanguinaria canadensis,3,SLPR2,2018
Ranunculus abortivus,3,SLPR2,2018
Osmorhiza claytonii,3,SLPR2,2018
Urtica dioica,3,SLPR2,2018
Oxalis stricta,3,SLPR2,2018
Parthenocissus vitacea,37.5,SLPR2,2018
Vitis riparia,3,SLPR2,2018
Smilax spp.,0.5,SLPR2,2018
Salix spp.,15,WWBW,2017
Cornus sericea,0.5,WWBW,2017
Rhamnus cathartica,3,WWBW,2017
Solidago canadensis s.s.,0.5,WWBW,2017
Pedicularis lanceolata,0.5,WWBW,2017
Chelone glabra,3,WWBW,2017
Symphyotrichum lanceolatum,3,WWBW,2017
Pycnanthemum virginianum,3,WWBW,2017
Lobelia siphilitica,3,WWBW,2017
Onoclea sensibilis,3,WWBW,2017
Eutrochium maculatum,0.5,WWBW,2017
Symphyotrichum novae-angliae,0.5,WWBW,2017
Eupatorium perfoliatum,0.5,WWBW,2017
Melilotus alba,0.5,WWBW,2017
Equisetum spp.,37.5,WWBW,2017
Persicaria sagittata,0.5,WWBW,2017
Poa spp.,0.5,WWBW,2017
Poa pratensis,0.5,WWBW,2017
Spartina pectinata,0.5,WWBW,2017
Juncus spp.,0.5,WWBW,2017
Cornus sericea,15,WWBW,2018
Salix petiolaris,3,WWBW,2018
Rhamnus cathartica,3,WWBW,2018
Symphyotrichum novae-angliae,3,WWBW,2018
Pycnanthemum virginianum,15,WWBW,2018
Solidago gigantea,3,WWBW,2018
Gentiana andrewsii,15,WWBW,2018
Chelone glabra,15,WWBW,2018
Persicaria sagittata,3,WWBW,2018
Solidago canadensis s.s.,3,WWBW,2018
Pedicularis lanceolata,15,WWBW,2018
Onoclea sensibilis,3,WWBW,2018
Viola nephrophylla,3,WWBW,2018
Geum laciniatum,3,WWBW,2018
Lycopus virginicus,3,WWBW,2018
Eutrochium purpureum,3,WWBW,2018
Helianthus grosseserratus,3,WWBW,2018
Equisetum fluviatile,37.5,WWBW,2018
Symphyotrichum lanceolatum,37.5,WWBW,2018
Zizia aurea,3,WWBW,2018
Monarda fistulosa,3,WWBW,2018
Lobelia siphilitica,3,WWBW,2018
Eupatorium perfoliatum,3,WWBW,2018
Carex spp.,37.5,WWBW,2018
Poa pratensis,15,WWBW,2018
Scirpus pallidus,0.5,WWBW,2018
Unknown,3,WWBW,2018
Leersia oryzoides,3,WWBW,2018
Celtis occidentalis,3,WWRP,2015
Quercus alba,15,WWRP,2015
Quercus macrocarpa,37.5,WWRP,2015
Celtis occidentalis,15,WWRP,2015
Prunus serotina,3,WWRP,2015
Rhamnus cathartica,37.5,WWRP,2015
Ulmus americana,0.5,WWRP,2015
Acer saccharum,0.5,WWRP,2015
Corylus americana,15,WWRP,2015
Rhamnus cathartica,37.5,WWRP,2015
Sambucus canadensis,0.5,WWRP,2015
Zanthoxylum americanum,15,WWRP,2015
Amphicarpaea bracteata,15,WWRP,2015
Vitis riparia,3,WWRP,2015
Ribes cynosbati,3,WWRP,2015
Ageratina altissima,15,WWRP,2015
Athyrium filix-femina,3,WWRP,2015
Boehmeria cylindrica,15,WWRP,2015
Galium aparine,15,WWRP,2015
Geum aleppicum,3,WWRP,2015
Desmodium glutinosum,3,WWRP,2015
Laportea canadensis,15,WWRP,2015
Osmorhiza claytonii,3,WWRP,2015
Sanicula gregaria,37.5,WWRP,2015
Thalictrum thalictroides,3,WWRP,2015
Carex pensylvanica,3,WWRP,2015
Quercus alba,37.5,WWRP,2016
Populus grandidentata,0.5,WWRP,2016
Quercus macrocarpa,0.5,WWRP,2016
Acer negundo,0.5,WWRP,2016
Celtis occidentalis,0.5,WWRP,2016
Prunus serotina,0.5,WWRP,2016
Prunus virginiana,0.5,WWRP,2016
Ulmus americana,0.5,WWRP,2016
Corylus americana,3,WWRP,2016
Acer negundo,0.5,WWRP,2016
Fraxinus nigra,0.5,WWRP,2016
Lonicera tatarica,0.5,WWRP,2016
Prunus virginiana,15,WWRP,2016
Ribes cynosbati,3,WWRP,2016
Sambucus canadensis,3,WWRP,2016
Rhamnus cathartica,62.5,WWRP,2016
Zanthoxylum americanum,3,WWRP,2016
Arisaema triphyllum,3,WWRP,2016
Athyrium filix-femina,3,WWRP,2016
Caulophyllum thalictroides,15,WWRP,2016
Cryptotaenia canadensis,3,WWRP,2016
Thalictrum thalictroides,3,WWRP,2016
Trillium grandiflorum,3,WWRP,2016
Urtica dioica,3,WWRP,2016
Uvularia grandiflora,0.5,WWRP,2016
Alliaria petiolata,3,WWRP,2016
Allium tricoccum,0.5,WWRP,2016
Anemone quinquefolia,3,WWRP,2016
Galium aparine,3,WWRP,2016
Galium triflorum,0.5,WWRP,2016
Geum spp.,3,WWRP,2016
Hydrophyllum virginianum,3,WWRP,2016
Hackelia virginiana,3,WWRP,2016
Ranunculus abortivus,3,WWRP,2016
Sanguinaria canadensis,0.5,WWRP,2016
Sanicula gregaria,37.5,WWRP,2016
Thalictrum dioicum,3,WWRP,2016
Carex spp.,3,WWRP,2016
Quercus alba,37.5,WWRP,2017
Populus grandidentata,3,WWRP,2017
Quercus macrocarpa,3,WWRP,2017
Acer negundo,3,WWRP,2017
Celtis occidentalis,3,WWRP,2017
Prunus serotina,3,WWRP,2017
Prunus virginiana,3,WWRP,2017
Ulmus americana,3,WWRP,2017
Corylus americana,3,WWRP,2017
Acer negundo,3,WWRP,2017
Fraxinus nigra,3,WWRP,2017
Lonicera tatarica,3,WWRP,2017
Prunus virginiana,15,WWRP,2017
Ribes cynosbati,3,WWRP,2017
Sambucus canadensis,3,WWRP,2017
Rhamnus cathartica,15,WWRP,2017
Zanthoxylum americanum,3,WWRP,2017
Arisaema triphyllum,3,WWRP,2017
Athyrium filix-femina,3,WWRP,2017
Caulophyllum thalictroides,15,WWRP,2017
Cryptotaenia canadensis,3,WWRP,2017
Thalictrum thalictroides,3,WWRP,2017
Trillium cernuum,3,WWRP,2017
Urtica dioica,3,WWRP,2017
Uvularia grandiflora,3,WWRP,2017
Alliaria petiolata,3,WWRP,2017
Allium tricoccum,3,WWRP,2017
Anemone quinquefolia,3,WWRP,2017
Galium aparine,3,WWRP,2017
Galium triflorum,3,WWRP,2017
Geum spp.,3,WWRP,2017
Hydrophyllum virginianum,3,WWRP,2017
Hackelia virginiana,3,WWRP,2017
Ranunculus abortivus,3,WWRP,2017
Ranunculus hispidus,0.5,WWRP,2017
Sanguinaria canadensis,3,WWRP,2017
Sanicula gregaria,37.5,WWRP,2017
Thalictrum dioicum,3,WWRP,2017
Actaea rubra,3,WWRP,2017
Viola pubescens,3,WWRP,2017
Ribes spp.,3,WWRP,2017
Carex spp.,3,WWRP,2017
Parthenocissus spp.,3,WWRP,2017
Quercus alba,37.5,WWRP,2018
Quercus macrocarpa,37.5,WWRP,2018
Prunus serotina,15,WWRP,2018
Celtis occidentalis,15,WWRP,2018
Ulmus americana,3,WWRP,2018
Crataegus spp.,0.5,WWRP,2018
Populus tremuloides,3,WWRP,2018
Rhamnus cathartica,3,WWRP,2018
Zanthoxylum americanum,3,WWRP,2018
Rubus occidentalis,15,WWRP,2018
Celtis occidentalis,3,WWRP,2018
Prunus serotina,3,WWRP,2018
Toxicodendron rydbergii,3,WWRP,2018
Ageratina altissima,3,WWRP,2018
Impatiens capensis,37.5,WWRP,2018
Desmodium glutinosum,37.5,WWRP,2018
Pilea pumila,3,WWRP,2018
Caulophyllum thalictroides,15,WWRP,2018
Sanicula canadensis,37.5,WWRP,2018
Polygonatum biflorum,3,WWRP,2018
Maianthemum canadense,3,WWRP,2018
Phryma leptostachya,3,WWRP,2018
Athyrium filix-femina,3,WWRP,2018
Osmorhiza claytonii,3,WWRP,2018
Cryptotaenia canadensis,3,WWRP,2018
Urtica dioica,3,WWRP,2018
Galium triflorum,3,WWRP,2018
Thalictrum dioicum,15,WWRP,2018
Uvularia grandiflora,3,WWRP,2018
Dryopteris carthusiana,3,WWRP,2018
Circaea lutetiana,3,WWRP,2018
Echinocystis lobata,3,WWRP,2018
Parthenocissus vitacea,15,WWRP,2018
Amphicarpaea bracteata,3,WWRP,2018
Vitis riparia,3,WWRP,2018
Elymus virginicus,3,WWRP,2018
Carex spp.,37.5,LBRP1,2019
Poa pratensis,15,LBRP1,2019
Scirpus pallidus,0.5,LBRP1,2019
Unknown grass,3,LBRP1,2019
Leersia oryzoides,3,LBRP1,2019
Symphyotrichum novae-angliae,3,LBRP1,2019
Pycnanthemum virginianum,15,LBRP1,2019
Solidago gigantea,3,LBRP1,2019
Gentiana andrewsii,15,LBRP1,2019
Chelone glabra,15,LBRP1,2019
Persicaria sagittata,3,LBRP1,2019
Solidago canadensis s.s.,3,LBRP1,2019
Pedicularis lanceolata,15,LBRP1,2019
Onoclea sensibilis,3,LBRP1,2019
Viola nephrophylla,3,LBRP1,2019
Geum laciniatum,3,LBRP1,2019
Lycopus virginicus,3,LBRP1,2019
Eutrochium purpureum,3,LBRP1,2019
Helianthus grosseserratus,3,LBRP1,2019
Equisetum fluviatile,37.5,LBRP1,2019
Symphyotrichum lanceolatum,37.5,LBRP1,2019
Zizia aurea,3,LBRP1,2019
Monarda fistulosa,3,LBRP1,2019
Lobelia siphilitica,3,LBRP1,2019
Eupatorium perfoliatum,3,LBRP1,2019
Cornus sericea,15,LBRP1,2019
Salix petiolaris,3,LBRP1,2019
Rhamnus cathartica,3,LBRP1,2019
Quercus macrocarpa,3,LBRP3,2019
Rhamnus cathartica,3,LBRP3,2019
Lonicera tatarica,3,LBRP3,2019
Rubus idaeus,3,LBRP3,2019
Ribes spp.,3,LBRP3,2019
Sambucus canadensis,3,LBRP3,2019
Juglans nigra,3,LBRP3,2019
Vitis riparia,3,LBRP3,2019
Parthenocissus inserta,3,LBRP3,2019
Circaea lutetiana,3,LBRP3,2019
Galium aparine,3,LBRP3,2019
Ageratina altissima,3,LBRP3,2019
Pilea pumila,3,LBRP3,2019
Oxalis stricta,15,LBRP3,2019
Sanicula canadensis,87.5,LBRP3,2019
Hackelia virginiana,62.5,LBRP3,2019
Plantago major,15,LBRP3,2019
Geum canadense,15,LBRP3,2019
Teucrium canadense,0.5,LBRP3,2019
Amphicarpaea bracteata,15,LBRP3,2019
Poa pratensis,3,LBRP3,2019
Carex spp.,3,LBRP3,2019
Rhamnus cathartica,37.5,LBRP6,2019
Acer negundo,15,LBRP6,2019
Prunus virginiana,3,LBRP6,2019
Lonicera tatarica,3,LBRP6,2019
Ribes spp.,3,LBRP6,2019
Juglans nigra,0.5,LBRP6,2019
Parthenocissus inserta,3,LBRP6,2019
Laportea canadensis,62.5,LBRP6,2019
Rudbeckia laciniata,15,LBRP6,2019
Impatiens pallida,15,LBRP6,2019
Alliaria petiolata,3,LBRP6,2019
Cryptotaenia canadensis,3,LBRP6,2019
Viola spp.,3,LBRP6,2019
Pilea pumila,3,LBRP6,2019
Glechoma hederacea,3,LBRP6,2019
Sanicula canadensis,3,LBRP6,2019
Lysimachia nummularia,3,LBRP6,2019
Asarum canadense,3,LBRP6,2019
Echinocystis lobata,3,LBRP6,2019
Menispermum canadense,3,LBRP6,2019
Leersia spp.,3,LBRP6,2019
Phalaris arundinacea,3,LBRP6,2019
Parthenocissus inserta,3,LHDL3,2019
Quercus rubra,37.5,LHDL3,2019
Quercus alba,37.5,LHDL3,2019
Prunus serotina,15,LHDL3,2019
Acer negundo,0.5,LHDL3,2019
Frangula alnus,3,LHDL3,2019
Rhamnus cathartica,3,LHDL3,2019
Sambucus canadensis,3,LHDL3,2019
Rhus glabra,3,LHDL3,2019
Rubus allegheniensis,3,LHDL3,2019
Rubus idaeus,3,LHDL3,2019
Ribes spp.,3,LHDL3,2019
Viburnum opulus,3,LHDL3,2019
Corylus americana,0.5,LHDL3,2019
Ulmus americana,0.5,LHDL3,2019
Boehmeria cylindrica,37.5,LHDL3,2019
Desmodium glutinosum,15,LHDL3,2019
Ageratina altissima,15,LHDL3,2019
Circaea lutetiana,3,LHDL3,2019
Galium triflorum,3,LHDL3,2019
Solanum carolinense,3,LHDL3,2019
Urtica dioica,3,LHDL3,2019
Hackelia virginiana,3,LHDL3,2019
Erechtites hieraciifolius,3,LHDL3,2019
Solanum dulcamara,3,LHDL3,2019
Persicaria pensylvanica,3,LHDL3,2019
Ranunculus recurvatus,3,LHDL3,2019
Chenopodium album,3,LHDL3,2019
Persicaria sagittata,3,LHDL3,2019
Geum canadense,3,LHDL3,2019
Aralia racemosa,3,LHDL3,2019
Maianthemum canadense,3,LHDL3,2019
Alliaria petiolata,3,LHDL3,2019
Bidens connata,0.5,LHDL3,2019
Carex pensylvanica,3,LHDL3,2019
Setaria pumila,0.5,LHDL3,2019
Phalaris arundinacea,62.5,LHDL5,2019
Leersia oryzoides,15,LHDL5,2019
Carex spp.,3,LHDL5,2019
Panicum virgatum,3,LHDL5,2019
Elymus canadensis,3,LHDL5,2019
Carex spp.,0.5,LHDL5,2019
Carex spp.,0.5,LHDL5,2019
Boehmeria cylindrica,3,LHDL5,2019
Persicaria amphibia,3,LHDL5,2019
Persicaria sagittata,3,LHDL5,2019
Urtica dioica,3,LHDL5,2019
Hackelia virginiana,3,LHDL5,2019
Epilobium ciliatum,3,LHDL5,2019
Galium spp.,3,LHDL5,2019
Mentha arvensis,3,LHDL5,2019
Solidago spp.,3,LHDL5,2019
Pilea pumila,3,LHDL5,2019
Symphyotrichum spp.,3,LHDL5,2019
Solidago canadensis,3,LHDL5,2019
Circaea lutetiana,3,LHDL5,2019
Geum aleppicum,3,LHDL5,2019
Persicaria pensylvanica,3,LHDL5,2019
Galium aparine,3,LHDL5,2019
Amphicarpaea bracteata,3,LHDL5,2019
Ageratina altissima,3,LHDL5,2019
Torilis japonica,0.5,LHDL5,2019
Cirsium spp.,0.5,LHDL5,2019
Geum canadense,0.5,LHDL5,2019
Erechtites hieraciifolius,3,LHDL5,2019
Verbena hastata,3,LHDL5,2019
Cerastium spp.,3,LHDL5,2019
Erigeron spp.,3,LHDL5,2019
Maianthemum racemosum,3,LHDL5,2019
Agrimonia spp.,3,LHDL5,2019
Stellaria longifolia,3,LHDL5,2019
Dryopteris carthusiana,3,LHDL5,2019
Thelypteris palustris,3,LHDL5,2019
Aralia nudicaulis,0.5,LHDL5,2019
Conyza canadensis,0.5,LHDL5,2019
Eutrochium maculatum,0.5,LHDL5,2019
Solanum dulcamara,3,LHDL5,2019
Calystegia sepium,3,LHDL5,2019
Rhamnus cathartica,3,LHDL5,2019
Acer negundo,3,LHDL5,2019
Ulmus americana,3,LHDL5,2019
Populus deltoides,3,LHDL5,2019
Rubus idaeus,3,LHDL5,2019
Populus tremuloides,3,LHDL5,2019
Cornus racemosa,3,LHDL5,2019
Ribes americanum,3,LHDL5,2019
Rubus occidentalis,3,LHDL5,2019
Viburnum opulus var. americanum,3,LHDL5,2019
Ribes cynosbati,3,LHDL5,2019
Euonymus alatus,0.5,LHDL5,2019
Lonicera tatarica,0.5,LHDL5,2019
Sambucus spp.,0.5,LHDL5,2019
Parthenocissus inserta,3,LHDL5,2019
Quercus alba,37.5,LHDL2.1,2019
Prunus serotina,15,LHDL2.1,2019
Quercus rubra,15,LHDL2.1,2019
Prunus virginiana,3,LHDL2.1,2019
Ulmus americana,3,LHDL2.1,2019
Rhamnus cathartica,15,LHDL2.1,2019
Rubus idaeus,3,LHDL2.1,2019
Ulmus pumila,3,LHDL2.1,2019
Rubus occidentalis,3,LHDL2.1,2019
Ribes cynosbati,3,LHDL2.1,2019
Celtis occidentalis,3,LHDL2.1,2019
Sambucus racemosa,3,LHDL2.1,2019
Corylus americana,3,LHDL2.1,2019
Acer negundo,3,LHDL2.1,2019
Acer ginnala,0.5,LHDL2.1,2019
Parthenocissus inserta,3,LHDL2.1,2019
Vitis riparia,3,LHDL2.1,2019
Ageratina altissima,37.5,LHDL2.1,2019
Pilea pumila,15,LHDL2.1,2019
Alliaria petiolata,15,LHDL2.1,2019
Osmorhiza longistylis,3,LHDL2.1,2019
Urtica dioica,3,LHDL2.1,2019
Hackelia spp.,3,LHDL2.1,2019
Viola spp.,3,LHDL2.1,2019
Galium aparine,3,LHDL2.1,2019
Torilis japonica,3,LHDL2.1,2019
Desmodium glutinosum,3,LHDL2.1,2019
Arisaema triphyllum,3,LHDL2.1,2019
Enemion biternatum,3,LHDL2.1,2019
Geum canadense,3,LHDL2.1,2019
Osmorhiza claytonii,3,LHDL2.1,2019
Erigeron spp.,3,LHDL2.1,2019
Maianthemum racemosum,3,LHDL2.1,2019
Chenopodium album,0.5,LHDL2.1,2019
Viola pubescens,0.5,LHDL2.1,2019
Carex pensylvanica,3,LHDL2.1,2019
Quercus rubra,3,LHPP2,2019
Quercus alba,3,LHPP2,2019
Lonicera tatarica,3,LHPP2,2019
Rubus allegheniensis,3,LHPP2,2019
Acer ginnala,3,LHPP2,2019
Ulmus pumila,3,LHPP2,2019
Quercus macrocarpa,3,LHPP2,2019
Prunus serotina,3,LHPP2,2019
Frangula alnus,3,LHPP2,2019
Rubus idaeus,3,LHPP2,2019
Acer negundo,3,LHPP2,2019
Rhamnus cathartica,3,LHPP2,2019
Rhus glabra,3,LHPP2,2019
Picea glauca,3,LHPP2,2019
Vitis riparia,3,LHPP2,2019
Parthenocissus inserta,3,LHPP2,2019
Fragaria virginiana,37.5,LHPP2,2019
Ambrosia artemisiifolia,3,LHPP2,2019
Solidago altissima,3,LHPP2,2019
Monarda fistulosa,3,LHPP2,2019
Conyza canadensis,3,LHPP2,2019
Linaria vulgaris,3,LHPP2,2019
Solidago nemoralis,3,LHPP2,2019
Oenothera biennis,3,LHPP2,2019
Solidago speciosa,3,LHPP2,2019
Crotalaria sagittalis,3,LHPP2,2019
Erigeron annuus,3,LHPP2,2019
Rumex acetosella,3,LHPP2,2019
Cirsium discolor,3,LHPP2,2019
Equisetum spp.,3,LHPP2,2019
Achillea millefolium,3,LHPP2,2019
Asclepias tuberosa,3,LHPP2,2019
Solidago spp.,3,LHPP2,2019
Desmodium canadense,3,LHPP2,2019
Botrychium oneidense,3,LHPP2,2019
Lespedeza capitata,3,LHPP2,2019
Lactuca spp.,3,LHPP2,2019
Solidago gigantea,3,LHPP2,2019
Ageratina altissima,3,LHPP2,2019
Toxicodendron rydbergii,3,LHPP2,2019
Pseudognaphalium obtusifolium,0.5,LHPP2,2019
Verbascum thapsus,0.5,LHPP2,2019
Schizachyrium scoparium,15,LHPP2,2019
Eriochloa villosa,3,LHPP2,2019
Eragrostis spectabilis,3,LHPP2,2019
Cyperus lupulinus,3,LHPP2,2019
Digitaria cognata,3,LHPP2,2019
Quercus alba,37.5,LHSP1,2019
Betula papyrifera,15,LHSP1,2019
Quercus rubra,15,LHSP1,2019
Prunus serotina,15,LHSP1,2019
Ulmus americana,0.5,LHSP1,2019
Rhamnus cathartica,15,LHSP1,2019
Parthenocissus inserta,37.5,LHSP1,2019
Vitis riparia,15,LHSP1,2019
Sambucus canadensis,3,LHSP1,2019
Prunus serotina,3,LHSP1,2019
Populus tremuloides,3,LHSP1,2019
Ribes spp.,3,LHSP1,2019
Rhamnus alnifolia,3,LHSP1,2019
Rubus idaeus,3,LHSP1,2019
Ulmus americana,3,LHSP1,2019
Sorbus decora,3,LHSP1,2019
Erechtites hieraciifolius,15,LHSP1,2019
Galeopsis tetrahit,3,LHSP1,2019
Boehmeria cylindrica,3,LHSP1,2019
Geranium maculatum,3,LHSP1,2019
Arisaema triphyllum,3,LHSP1,2019
Desmodium glutinosum,3,LHSP1,2019
Galium triflorum,3,LHSP1,2019
Plantago spp.,3,LHSP1,2019
Thalictrum thalictroides,3,LHSP1,2019
Ranunculus recurvatus,3,LHSP1,2019
Amphicarpaea bracteata,3,LHSP1,2019
Persicaria sagittata,3,LHSP1,2019
Alliaria petiolata,3,LHSP1,2019
Athyrium Filix-femina,3,LHSP1,2019
Circaea lutetiana,3,LHSP1,2019
Symphyotrichum spp.,3,LHSP1,2019
Maianthemum canadense,3,LHSP1,2019
Cirsium spp.,0.5,LHSP1,2019
Ageratina altissima,0.5,LHSP1,2019
Solanum carolinense,0.5,LHSP1,2019
Hackelia virginiana,0.5,LHSP1,2019
Fallopia convolvulus,0.5,LHSP1,2019
Carex pensylvanica,3,LHSP1,2019
